Players,GP,Pre,Current,FGM,FGA,FG,FTM,FTA,FT,3PTM,PTS,OREB,DREB,REB,AST,ST,BLK,A/T
"S. Curry GS - PG,SG",78,1,2,9.0,18.3,0.491,4.5,4.9,0.914,4.7,27.2,0.7,4.0,4.7,7.0,2.0,0.2,2.2
"K. Durant GS - SF,PF",77,2,4,8.9,17.5,0.511,5.8,6.6,0.891,2.8,26.6,0.6,6.9,7.5,4.5,1.0,1.2,1.4
"J. Harden Hou - PG,SG,SF",80,3,3,8.5,19.0,0.444,8.9,10.3,0.864,2.8,28.6,0.8,5.0,5.8,7.3,1.8,0.5,1.7
R. Westbrook OKC - PG,80,4,1,9.4,21.3,0.441,7.7,9.3,0.829,1.4,27.9,1.8,6.2,8.0,9.5,2.1,0.3,2.1
K. Towns Min - C,81,5,10,8.4,15.6,0.541,3.2,3.9,0.832,0.5,20.6,2.9,8.2,11.1,2.1,0.8,1.7,0.8
"K. Leonard SA - SG,SF",71,6,15,7.8,15.8,0.493,4.1,4.8,0.845,1.8,21.5,1.3,5.4,6.7,2.8,1.9,0.9,1.7
"G. Antetokounmpo Mil - PG,SG,SF",80,7,6,7.3,14.4,0.509,4.1,5.6,0.733,0.4,19.1,1.3,7.0,8.3,6.8,1.4,1.5,2.3
"A. Davis NO - PF,C",69,8,11,9.4,18.6,0.505,5.5,7.0,0.778,0.8,25.1,2.4,7.8,10.2,2.2,1.3,2.4,1.1
C. Paul LAC - PG,73,9,7,6.6,14.0,0.468,3.6,4.1,0.887,1.6,18.4,0.5,3.6,4.1,10.0,2.1,0.2,4.2
"P. George Ind - SF,PF",80,10,12,7.4,17.3,0.427,5.5,6.4,0.865,2.7,23.0,1.0,5.9,6.9,4.3,1.8,0.4,1.4
"L. James Cle - SF,PF",75,11,5,9.6,18.3,0.527,4.8,6.5,0.737,1.3,25.3,1.3,5.8,7.2,6.9,1.4,0.7,2.2
D. Lillard Por - PG,82,12,9,8.3,19.6,0.424,5.3,6.0,0.882,3.0,24.9,0.6,3.5,4.1,7.0,0.9,0.3,2.3
H. Whiteside Mia - C,74,13,22,5.9,9.8,0.598,3.0,4.7,0.644,0.0,14.8,3.3,8.4,11.7,0.5,0.6,3.4,0.3
"D. Cousins Sac - PF,C",72,14,13,9.4,20.6,0.454,7.5,10.2,0.735,1.0,27.2,2.5,9.3,11.8,3.4,1.5,1.5,0.9
"P. Millsap Atl - PF,C",77,15,19,6.3,13.4,0.472,3.8,5.2,0.740,1.0,17.5,2.4,6.3,8.6,3.1,1.8,1.5,1.3
"J. Butler Chi - SG,SF",68,16,23,6.6,14.5,0.457,5.7,6.8,0.838,1.2,20.1,1.4,4.1,5.4,4.0,1.7,0.6,2.2
"A. Horford Bos - PF,C",78,17,27,6.7,13.1,0.512,1.4,1.8,0.775,1.0,15.8,2.0,5.5,7.5,3.1,0.8,1.4,2.0
"V. Oladipo OKC - PG,SG",75,18,43,6.2,14.0,0.440,3.0,3.6,0.822,1.4,16.7,0.7,4.1,4.8,4.1,1.7,0.7,1.7
"D. Green GS - SF,PF",80,19,18,4.5,9.2,0.485,2.6,3.7,0.708,1.1,12.6,1.7,7.4,9.1,6.3,1.5,1.4,2.2
"L. Aldridge SA - PF,C",72,20,24,8.4,16.6,0.508,3.9,4.6,0.838,0.1,20.8,2.5,6.8,9.3,1.8,0.6,1.1,1.2
K. Lowry Tor - PG,77,21,14,6.5,15.3,0.423,5.0,6.2,0.804,2.8,20.7,0.8,3.9,4.6,6.8,1.8,0.3,2.5
"K. Irving Cle - PG,SG",72,22,29,8.1,18.0,0.448,3.7,4.2,0.869,2.0,21.9,0.8,2.5,3.3,5.1,1.2,0.3,2.0
K. Walker Cha - PG,79,23,16,6.9,16.2,0.424,4.4,5.3,0.834,2.3,20.5,0.7,3.9,4.6,5.4,1.5,0.4,2.5
"K. Porzingis NY - PF,C",76,24,40,6.0,13.7,0.437,3.1,3.7,0.833,1.3,16.3,2.0,6.2,8.2,1.4,0.9,2.0,0.8
N. Jokic Den - C,81,25,39,4.4,8.7,0.505,2.2,2.7,0.818,0.5,11.5,2.6,5.5,8.0,2.7,1.2,0.8,1.8
J. Wall Was - PG,80,26,8,7.5,17.3,0.432,3.6,4.6,0.785,1.5,20.0,0.6,4.3,4.8,10.1,1.9,0.7,2.6
"S. Ibaka Orl - PF,C",81,27,44,7.0,14.6,0.482,1.9,2.4,0.777,0.9,16.9,2.0,5.3,7.2,1.0,0.5,2.1,0.6
"D. Favors Uta - PF,C",75,28,41,6.9,13.2,0.520,2.9,4.2,0.682,0.0,16.7,2.7,5.6,8.3,1.5,1.0,1.6,0.9
"K. Thompson GS - SG,SF",80,29,26,7.3,15.6,0.468,2.3,2.6,0.878,3.6,20.4,0.4,3.2,3.6,2.5,0.9,0.7,1.5
B. Lopez Bkn - C,74,30,25,8.2,16.2,0.508,4.7,5.9,0.799,0.0,21.2,2.7,5.3,8.0,1.7,0.7,1.7,0.7
"K. Love Cle - PF,C",78,31,30,5.5,12.9,0.429,3.5,4.3,0.823,2.2,16.8,1.8,8.3,10.1,2.5,0.8,0.5,1.4
"C. McCollum Por - PG,SG",79,32,42,7.6,17.2,0.442,2.2,2.7,0.795,2.5,19.9,0.6,2.8,3.4,4.1,1.1,0.3,1.8
"E. Bledsoe Pho - PG,SG",64,33,46,7.1,15.8,0.451,4.2,5.3,0.794,1.5,20.0,0.7,3.3,4.0,6.1,1.8,0.6,1.8
"C. Anthony NY - SF,PF",70,34,33,7.8,17.8,0.438,4.6,5.6,0.822,1.5,21.7,1.5,5.9,7.5,4.1,0.9,0.5,1.8
"B. Griffin LAC - PF,C",75,35,17,8.8,17.4,0.507,4.6,6.3,0.731,0.1,22.5,1.7,6.9,8.6,5.1,0.9,0.6,2.1
J. Valanciunas Tor - C,73,36,52,5.6,10.1,0.557,3.2,4.1,0.772,0.0,14.4,3.2,6.5,9.7,0.9,0.5,1.4,0.5
I. Thomas Bos - PG,80,37,20,7.0,16.4,0.429,5.7,6.6,0.865,2.2,22.0,0.5,2.2,2.7,6.1,1.0,0.1,2.2
"M. Turner Ind - PF,C",73,38,110,5.3,10.5,0.503,1.8,2.5,0.743,0.1,12.5,1.3,5.2,6.5,0.9,0.5,1.6,0.7
M. Conley Mem - PG,73,39,45,5.4,12.5,0.436,3.3,3.9,0.835,1.5,15.6,0.5,2.5,3.0,6.3,1.3,0.2,3.5
R. Gobert Uta - C,76,40,58,3.5,6.1,0.572,2.9,4.9,0.603,0.0,9.9,3.4,7.3,10.8,1.5,0.7,2.3,0.8
"T. Ariza Hou - SG,SF",80,41,73,4.2,10.1,0.419,1.6,2.0,0.804,2.2,12.2,0.8,4.0,4.7,2.4,1.7,0.3,1.6
"T. Harris Det - SF,PF",70,42,77,5.9,12.5,0.470,2.9,3.6,0.808,1.2,15.8,1.2,5.4,6.6,2.1,0.9,0.6,1.4
R. Rubio Min - PG,74,43,49,2.8,7.6,0.376,3.0,3.7,0.824,0.8,9.5,0.6,3.6,4.2,8.0,2.0,0.1,3.1
"A. Wiggins Min - SG,SF",82,44,35,7.6,16.6,0.455,5.6,7.2,0.776,0.8,21.5,1.5,2.7,4.2,2.1,1.0,0.6,0.9
"G. Dieng Min - PF,C",77,45,50,4.2,7.9,0.528,2.8,3.4,0.804,0.1,11.2,2.1,5.6,7.8,2.0,1.2,1.5,1.1
"G. Hayward Uta - SG,SF",78,46,31,6.4,14.5,0.440,4.9,5.9,0.817,1.9,19.4,0.7,4.1,4.8,3.8,1.2,0.4,1.6
D. Jordan LAC - C,82,47,32,4.5,6.5,0.699,3.1,7.4,0.418,0.0,12.1,4.0,10.1,14.1,1.1,0.8,2.3,0.8
"N. Batum Cha - SG,SF",72,48,68,4.7,10.9,0.433,2.2,2.6,0.841,2.0,13.7,0.7,5.0,5.7,5.2,0.9,0.6,1.9
"G. Dragic Mia - PG,SG",77,49,61,6.2,13.0,0.472,1.9,2.6,0.743,1.1,15.4,0.8,2.9,3.7,5.3,1.0,0.3,2.0
"J. Crowder Bos - SF,PF",77,50,60,4.7,10.4,0.449,2.8,3.6,0.785,1.6,13.7,0.9,4.0,4.9,2.0,1.6,0.5,1.7
"N. Vucevic Orl - PF,C",71,51,57,7.3,14.2,0.514,1.6,2.1,0.762,0.0,16.3,2.4,5.7,8.1,2.3,0.7,0.9,1.4
"P. Gasol SA - PF,C",68,52,47,5.8,11.9,0.488,2.9,3.8,0.781,0.3,14.9,2.1,7.8,9.9,3.7,0.5,1.7,2.0
"D. DeRozan Tor - SG,SF",80,53,21,7.9,17.6,0.449,6.7,8.0,0.837,0.7,23.3,0.8,3.9,4.7,3.9,1.1,0.3,1.8
"N. Noel Phi - PF,C",73,54,92,4.0,7.7,0.513,1.8,3.0,0.616,0.0,9.8,2.0,5.1,7.1,1.6,1.6,1.5,0.8
"A. Gordon Orl - SF,PF",79,55,59,4.5,9.5,0.471,2.2,3.1,0.710,0.7,11.8,2.3,5.6,7.9,2.2,1.0,0.9,1.8
D. Collison Sac - PG,56,56,105,5.7,12.0,0.474,3.2,3.7,0.855,1.4,15.9,0.5,2.3,2.8,5.4,1.3,0.2,2.2
M. Gasol Mem - C,72,57,48,6.2,12.9,0.477,3.8,4.7,0.796,0.1,16.1,1.2,5.8,7.0,3.6,1.0,1.3,1.7
"Z. LaVine Min - PG,SG",80,58,88,5.4,12.1,0.448,2.1,2.6,0.821,1.6,14.6,0.3,2.6,2.9,3.5,0.8,0.3,1.6
J. Teague Ind - PG,78,59,34,5.4,12.3,0.443,3.5,4.1,0.854,1.4,15.9,0.3,2.3,2.7,6.5,1.5,0.3,2.1
O. Porter Was - SF,76,60,97,4.6,9.9,0.461,1.1,1.5,0.746,1.4,11.6,1.4,3.8,5.2,1.8,1.3,0.4,1.5
"J. Parker Mil - SF,PF",77,61,63,6.9,13.9,0.496,2.9,3.8,0.756,0.3,17.0,1.7,4.3,6.0,2.0,1.0,0.4,1.0
"E. Fournier Orl - SG,SF",76,62,80,5.8,12.9,0.450,2.8,3.4,0.830,2.0,16.4,0.4,2.4,2.8,3.0,1.0,0.1,1.7
"D. Nowitzki Dal - PF,C",73,63,56,6.2,14.0,0.446,3.4,3.8,0.882,1.6,17.5,0.6,5.5,6.1,1.8,0.7,0.7,1.7
"C. Parsons Mem - SF,PF",70,64,75,5.9,12.2,0.483,1.9,2.7,0.717,1.9,15.5,0.7,5.3,6.1,3.3,1.0,0.4,1.8
S. Adams OKC - C,77,65,127,3.3,5.6,0.587,1.5,2.7,0.570,0.0,8.1,3.0,4.2,7.2,0.9,0.6,1.1,0.8
"A. Drummond Det - PF,C",82,66,28,7.2,13.7,0.526,2.7,7.3,0.376,0.0,17.2,5.0,9.4,14.5,0.8,1.4,1.7,0.4
D. Gallinari Den - SF,62,67,84,5.1,12.4,0.414,6.2,7.2,0.870,1.6,18.1,0.9,4.0,5.0,2.4,0.8,0.4,1.7
"N. Mirotic Chi - SF,PF",79,68,89,4.0,9.6,0.413,2.4,2.9,0.803,2.1,12.4,1.0,4.7,5.7,1.5,0.9,0.8,0.9
"R. Jackson Det - PG,SG",77,69,37,6.6,15.1,0.435,3.6,4.1,0.874,1.5,18.2,0.7,2.8,3.5,6.7,0.7,0.1,2.3
"R. Anderson Hou - PF,C",70,70,107,5.1,11.8,0.430,2.6,3.0,0.865,2.3,15.0,1.9,3.8,5.7,1.1,0.6,0.3,1.0
M. Gortat Was - C,78,71,54,5.3,9.4,0.562,1.7,2.5,0.684,0.0,12.3,2.6,6.7,9.3,1.3,0.6,1.3,0.9
E. Kanter OKC - C,79,72,38,6.8,12.0,0.568,3.1,3.9,0.784,0.2,16.9,3.7,6.2,9.9,0.6,0.4,0.5,0.4
"R. Gay Sac - SF,PF",73,73,51,6.6,14.5,0.458,3.4,4.1,0.815,1.2,17.8,1.5,4.9,6.4,2.3,1.3,0.7,1.1
B. Beal Was - SG,64,74,120,6.6,15.3,0.431,2.3,3.0,0.771,2.0,17.4,0.8,2.9,3.7,3.1,1.0,0.3,1.4
"T. Young Ind - SF,PF",78,75,69,5.8,11.4,0.509,1.3,2.0,0.682,0.2,13.2,1.9,5.3,7.2,1.9,1.4,0.4,1.2
D. Schroder Atl - PG,77,76,55,5.8,13.8,0.420,2.7,3.3,0.802,1.4,15.7,0.4,3.3,3.7,6.1,1.3,0.2,1.9
"A. Bradley Bos - PG,SG",78,77,102,5.6,12.6,0.445,1.1,1.4,0.798,1.8,14.1,0.6,2.3,2.8,1.9,1.3,0.3,1.4
"D. Green SA - SG,SF",78,78,143,3.1,7.3,0.418,0.5,0.7,0.759,1.8,8.4,0.5,3.1,3.6,1.7,0.9,0.9,1.7
"G. Hill Uta - PG,SG",75,79,113,4.0,8.7,0.454,1.4,1.8,0.774,1.4,10.8,0.6,2.8,3.4,3.6,0.9,0.2,3.1
"B. Knight Pho - PG,SG",71,80,72,6.7,15.8,0.422,2.7,3.3,0.824,2.3,18.3,0.5,3.0,3.6,4.7,1.2,0.3,1.5
"R. Hollis-Jefferson Bkn - SG,SF",75,81,85,3.6,8.0,0.448,1.9,2.6,0.744,0.2,9.3,1.7,5.3,7.0,2.1,1.9,0.7,1.5
G. Harris Den - SG,78,82,130,4.0,8.6,0.464,1.3,1.6,0.802,1.2,10.5,0.6,2.0,2.6,1.7,1.2,0.2,1.7
"J. Clarkson LAL - PG,SG",77,83,82,6.4,14.4,0.442,2.2,2.7,0.818,1.5,16.5,1.2,2.9,4.1,2.6,1.0,0.1,1.5
"D. Carroll Tor - SF,PF",68,84,117,4.8,10.5,0.455,1.5,2.1,0.713,1.8,12.8,1.4,3.8,5.1,1.5,1.5,0.2,1.3
"K. Faried Den - PF,C",76,85,74,5.0,9.1,0.550,2.3,3.5,0.662,0.0,12.4,3.5,5.4,8.8,1.2,0.7,0.9,0.8
"G. Monroe Mil - PF,C",79,86,53,5.5,10.7,0.516,2.6,3.5,0.742,0.0,13.7,2.5,5.6,8.1,2.0,0.8,0.6,1.3
D. Russell LAL - PG,78,87,66,6.2,14.8,0.416,2.1,2.9,0.725,1.8,16.3,0.7,3.1,3.7,5.3,1.3,0.2,1.7
R. Lopez Chi - C,82,88,70,4.3,7.9,0.536,1.7,2.2,0.787,0.0,10.2,3.5,4.4,7.9,1.3,0.3,1.7,0.8
"M. Ellis Ind - PG,SG",82,89,62,5.0,11.5,0.431,2.1,2.7,0.776,1.0,13.1,0.5,2.5,3.0,4.3,1.8,0.4,1.8
"W. Matthews Dal - SG,SF",78,90,111,4.5,11.1,0.405,1.7,2.1,0.821,2.6,13.3,0.4,2.8,3.2,2.1,1.1,0.2,1.7
"R. Hood Uta - SG,SF",76,91,87,5.0,11.9,0.421,2.4,2.8,0.840,2.2,14.6,0.5,3.0,3.4,2.7,1.0,0.2,1.8
"M. Williams Cha - SF,PF",79,92,94,3.8,8.6,0.442,1.3,1.6,0.803,1.9,10.8,1.4,4.5,5.9,1.3,0.7,0.8,1.7
J. Holiday NO - PG,45,93,126,6.8,15.3,0.442,2.8,3.4,0.831,1.6,18.0,0.6,2.9,3.5,6.6,1.6,0.4,2.3
"H. Barnes Dal - SF,PF",81,94,78,5.2,11.5,0.457,2.0,2.6,0.764,1.4,13.9,1.5,4.3,5.8,2.1,0.7,0.3,1.8
J. Okafor Phi - C,71,95,103,7.0,13.6,0.515,2.5,3.6,0.695,0.0,16.5,2.0,4.4,6.4,1.1,0.4,1.1,0.5
"R. Covington Phi - SF,PF",70,96,134,3.7,9.3,0.396,1.9,2.4,0.792,2.3,11.6,0.7,4.3,5.1,1.3,1.3,0.5,0.7
"K. Bazemore Atl - SG,SF",78,97,104,4.3,10.0,0.431,1.6,2.1,0.738,1.6,11.7,0.4,4.6,5.0,2.5,1.3,0.5,1.3
"J. Lin Bkn - PG,SG",79,98,67,4.8,11.5,0.416,3.8,4.7,0.803,1.2,14.5,0.6,3.2,3.8,5.1,1.0,0.4,1.8
J. Redick LAC - SG,77,99,91,5.4,11.4,0.474,2.5,2.8,0.907,2.6,15.9,0.1,1.8,1.9,1.6,0.6,0.1,1.5
M. Smart Bos - PG,73,100,90,3.8,9.9,0.386,2.2,3.0,0.748,1.3,11.2,1.5,3.4,4.9,3.5,1.8,0.3,2.1
"D. Wade Chi - PG,SG",69,101,76,6.8,14.9,0.455,4.1,5.3,0.772,0.2,17.9,1.0,3.0,4.0,4.4,1.2,0.5,1.6
"C. Capela Hou - PF,C",78,102,115,4.0,7.1,0.561,1.5,3.7,0.399,0.0,9.4,3.0,5.1,8.2,0.8,1.0,1.6,0.6
"B. Simmons Phi - SF,PF",61,103,86,5.1,10.8,0.468,4.8,6.8,0.699,0.1,15.0,1.7,5.7,7.4,4.3,1.6,0.7,1.5
"P. Beverley Hou - PG,SG",74,104,96,3.7,8.7,0.421,1.0,1.3,0.745,1.9,10.3,1.2,2.7,3.9,3.7,1.4,0.4,2.4
"C. Bosh Mia - PF,C",0,105,602,,,0.000,,,0.000,,,,,,,,,0.0
J. Nurkic Den - C,65,106,170,3.8,8.6,0.439,2.1,3.3,0.628,0.0,9.6,2.3,4.2,6.5,1.5,0.9,1.6,0.8
E. Gordon Hou - SG,56,107,222,4.1,9.6,0.424,1.9,2.2,0.846,2.1,12.1,0.3,1.7,1.9,2.3,0.8,0.2,1.6
"J. Smith Cle - SG,SF",76,108,122,4.5,10.8,0.418,0.7,1.0,0.671,2.7,12.3,0.6,2.4,3.0,2.0,1.1,0.2,2.0
R. Rondo Chi - PG,70,109,36,4.6,10.0,0.462,1.2,2.0,0.594,0.7,11.2,1.0,4.6,5.6,10.8,1.9,0.1,3.1
K. Caldwell-Pope Det - SG,80,110,99,4.9,11.8,0.418,2.2,2.7,0.793,1.7,13.7,0.8,2.8,3.6,1.6,1.3,0.2,1.2
"L. Deng LAL - SF,PF",72,111,119,4.5,10.1,0.448,2.1,2.8,0.760,1.3,12.4,1.3,4.0,5.3,2.0,1.0,0.3,1.6
D. Booker Pho - SG,80,112,79,6.0,13.9,0.429,3.2,3.7,0.849,1.6,16.7,0.5,2.5,3.0,3.0,0.8,0.4,1.3
"M. Morris Was - PF,C",79,113,118,4.8,10.4,0.465,1.7,2.2,0.746,0.8,12.2,1.1,4.4,5.5,1.7,0.8,0.5,1.0
"K. Korver Atl - SG,SF",76,114,168,3.2,7.4,0.440,0.7,0.8,0.869,2.0,9.2,0.2,3.0,3.2,2.0,0.7,0.4,1.8
"A. Aminu Por - SF,PF",79,115,114,3.7,8.9,0.420,1.3,1.8,0.727,1.6,10.4,1.3,4.7,6.0,1.7,1.0,0.6,1.3
"B. Biyombo Orl - PF,C",77,116,151,2.1,3.8,0.555,1.9,3.3,0.585,0.0,6.1,2.6,6.5,9.2,0.4,0.4,1.5,0.4
"D. Howard Atl - PF,C",69,117,65,6.2,10.3,0.597,4.0,7.5,0.526,0.0,16.3,3.3,8.2,11.5,1.4,0.9,1.8,0.5
D. Williams Dal - PG,67,118,100,4.7,11.2,0.416,2.7,3.2,0.849,1.6,13.6,0.3,2.3,2.6,5.7,1.0,0.2,2.5
"T. Evans NO - PG,SG",45,119,164,5.4,12.2,0.442,3.0,3.9,0.773,1.1,14.9,0.8,4.1,4.9,6.2,1.2,0.3,2.2
E. Payton Orl - PG,80,120,71,4.5,10.4,0.433,1.6,2.7,0.602,0.5,11.2,1.2,2.8,4.0,6.7,1.4,0.3,2.6
M. Carter-Williams Mil - PG,68,121,177,3.3,7.6,0.431,1.7,2.5,0.685,0.3,8.5,0.7,2.9,3.5,4.0,1.3,0.5,1.8
T. Frazier NO - PG,71,122,137,3.1,7.3,0.427,1.9,2.7,0.695,0.5,8.6,0.7,2.5,3.3,5.1,1.1,0.1,2.9
"J. Winslow Mia - SF,PF",80,123,141,3.2,7.4,0.431,1.2,1.7,0.681,0.5,8.1,1.2,4.7,5.9,1.8,1.2,0.5,1.2
"Z. Randolph Mem - PF,C",73,124,95,5.7,12.2,0.471,2.5,3.3,0.773,0.1,14.1,2.6,5.4,8.0,2.0,0.6,0.2,1.2
J. Randle LAL - PF,82,125,64,5.2,11.7,0.440,2.6,3.5,0.722,0.2,13.1,2.3,8.7,11.0,2.1,0.8,0.5,1.0
B. Hield NO - SG,77,126,205,3.9,9.7,0.402,1.0,1.2,0.851,1.7,10.5,0.5,2.6,3.1,1.9,0.5,0.1,1.3
"S. Johnson Det - SG,SF",78,127,171,3.6,8.9,0.408,1.3,1.7,0.776,1.0,9.6,1.0,3.8,4.8,1.8,1.1,0.2,0.9
T. Lyles Uta - PF,79,128,230,3.0,6.7,0.454,0.8,1.1,0.722,0.7,7.6,1.0,3.3,4.3,0.9,0.4,0.3,0.9
"T. Thompson Cle - PF,C",82,129,93,3.2,5.7,0.567,2.0,3.2,0.641,0.0,8.5,3.4,5.9,9.4,0.9,0.5,0.7,0.9
D. Rose NY - PG,58,130,160,6.7,15.4,0.432,2.4,3.0,0.810,0.6,16.4,0.6,2.6,3.2,4.9,0.7,0.2,1.7
L. Nance Jr. LAL - PF,72,131,220,2.5,4.8,0.514,0.8,1.0,0.720,0.0,5.8,1.4,3.3,4.7,0.8,0.9,0.5,1.1
"S. Hill NO - SG,SF",75,132,200,2.3,5.4,0.434,0.9,1.1,0.854,0.7,6.3,1.0,3.5,4.5,1.5,0.9,0.3,1.7
A. Bogut Dal - C,69,133,108,3.2,5.8,0.556,0.6,1.1,0.527,0.0,7.1,2.1,6.4,8.5,2.7,0.7,1.9,1.7
"C. Lee NY - SG,SF",78,134,146,3.6,8.0,0.449,1.2,1.4,0.858,1.1,9.5,0.4,2.2,2.6,2.0,1.0,0.2,2.0
"M. Plumlee Por - PF,C",81,135,81,3.5,6.5,0.533,2.4,4.1,0.597,0.0,9.4,2.5,5.0,7.5,3.0,0.9,1.0,1.7
"J. Noah NY - PF,C",65,136,112,2.7,6.4,0.420,1.3,2.2,0.614,0.0,6.7,3.2,6.6,9.8,4.8,0.8,1.3,2.4
B. Ingram LAL - SF,78,137,125,3.7,8.6,0.429,2.3,3.3,0.701,1.5,11.2,1.1,3.5,4.6,1.4,0.8,0.9,1.0
"A. Len Pho - PF,C",75,138,129,3.7,8.2,0.456,2.3,3.2,0.722,0.0,9.7,2.5,5.6,8.1,1.2,0.5,1.0,0.7
E. Mudiay Den - PG,77,139,83,5.1,13.1,0.389,2.4,3.5,0.692,1.4,13.9,0.6,3.2,3.8,6.0,1.2,0.5,1.9
"T. Jones NO - SF,PF",53,140,243,4.1,8.0,0.508,1.6,2.5,0.644,0.6,10.3,1.6,3.3,5.0,0.9,0.6,0.9,0.9
"J. Sullinger Tor - PF,C",72,141,116,4.0,9.1,0.440,1.4,2.0,0.705,0.4,9.8,2.5,5.8,8.3,2.3,0.8,0.7,1.8
"E. Turner Por - SG,SF",81,142,101,3.9,8.8,0.439,1.7,2.1,0.794,0.3,9.7,0.5,4.3,4.8,4.3,1.0,0.3,2.3
T. Warren Pho - SF,73,143,142,5.1,10.2,0.506,1.1,1.5,0.748,0.6,12.0,1.3,2.0,3.3,1.0,0.8,0.3,1.3
"W. Cauley-Stein Sac - PF,C",73,144,124,3.6,6.4,0.556,1.5,2.3,0.663,0.0,8.6,2.3,4.0,6.3,0.7,0.8,1.3,0.7
M. Kidd-Gilchrist Cha - SF,63,145,136,4.4,9.0,0.491,2.9,4.1,0.705,0.4,12.1,1.9,5.1,7.0,1.3,0.7,0.8,1.1
K. Olynyk Bos - C,64,146,159,4.4,9.5,0.461,1.6,2.2,0.734,1.3,11.6,1.2,3.5,4.6,1.8,0.9,0.6,1.2
"A. Jefferson Ind - PF,C",67,147,133,4.8,9.7,0.489,1.6,2.4,0.686,0.0,11.2,1.2,5.4,6.6,1.6,0.6,0.9,1.9
J. Embiid Phi - C,52,148,199,3.1,5.3,0.578,2.8,3.9,0.714,0.0,8.9,1.4,4.4,5.8,1.2,0.7,2.0,0.8
D. Saric Phi - PF,71,149,179,3.6,7.9,0.457,1.6,1.8,0.855,1.0,9.9,1.2,3.8,4.9,1.4,0.5,0.4,1.1
"A. Crabbe Por - PG,SG",78,150,186,3.6,7.9,0.452,1.0,1.2,0.837,1.3,9.4,0.3,2.4,2.7,1.1,0.8,0.2,1.4
"A. Johnson Bos - PF,C",77,151,167,2.6,4.5,0.580,0.8,1.3,0.620,0.1,6.1,2.0,3.4,5.4,1.4,0.6,0.9,1.4
K. Dunn Min - PG,72,152,148,3.0,7.1,0.415,2.2,3.0,0.722,0.8,8.8,0.7,2.4,3.1,3.6,1.3,0.4,2.1
K. Anderson SA - SF,79,153,217,2.0,4.4,0.451,0.9,1.2,0.753,0.2,5.1,0.3,2.9,3.3,1.8,0.9,0.5,1.8
"B. Portis Chi - PF,C",76,154,156,4.0,9.1,0.439,1.1,1.5,0.741,0.6,9.8,2.4,4.4,6.8,1.0,0.6,0.5,0.8
S. Curry Dal - PG,74,155,214,2.9,6.5,0.446,1.3,1.5,0.847,1.4,8.4,0.3,1.6,1.8,1.9,0.6,0.1,1.9
"D. Waiters Mia - SG,SF",76,156,181,4.4,10.8,0.406,1.6,2.3,0.725,1.2,11.6,0.4,2.2,2.6,2.2,1.1,0.2,1.3
"J. Dudley Pho - SG,SF",79,157,172,2.8,5.9,0.466,0.8,1.1,0.722,1.2,7.5,0.7,2.6,3.3,1.9,0.9,0.2,2.1
"E. Davis Por - PF,C",77,158,138,2.6,4.5,0.584,1.3,2.3,0.563,0.0,6.5,2.7,4.3,7.0,1.1,0.6,1.0,1.5
"B. Bogdanovic Bkn - SG,SF",81,159,154,5.0,11.3,0.438,1.6,1.9,0.818,1.7,13.2,0.6,3.0,3.6,1.5,0.4,0.1,0.8
"M. Barnes Sac - SG,SF",75,160,131,3.5,8.1,0.426,1.2,1.5,0.770,1.6,9.6,1.1,4.0,5.0,1.8,0.9,0.7,1.4
"L. Williams LAL - PG,SG",72,161,152,3.3,8.1,0.404,3.6,4.3,0.848,1.4,11.7,0.3,1.7,2.0,2.1,0.8,0.2,1.6
"C. Zeller Cha - PF,C",76,162,106,3.4,6.5,0.530,2.6,3.4,0.758,0.0,9.5,1.9,4.6,6.4,1.2,0.8,0.9,1.3
R. Hibbert Cha - C,80,163,193,2.1,4.7,0.449,1.4,1.7,0.788,0.0,5.6,1.6,3.3,4.8,1.1,0.4,1.3,1.1
T. Mozgov LAL - C,74,164,128,3.9,7.1,0.549,1.7,2.4,0.701,0.0,9.5,2.3,4.6,6.9,0.6,0.6,1.2,0.4
T. Chandler Pho - C,67,165,153,3.0,5.0,0.593,1.8,2.8,0.654,0.0,7.8,2.7,6.0,8.8,1.0,0.5,0.9,0.7
I. Mahinmi Was - C,72,166,173,2.8,5.2,0.547,1.5,2.4,0.607,0.0,7.1,1.8,4.6,6.4,1.3,0.7,0.9,1.1
"A. Iguodala GS - SG,SF",73,167,166,2.5,5.2,0.475,0.8,1.2,0.629,0.7,6.4,0.8,3.1,3.9,3.1,1.1,0.2,3.0
"J. Richardson Mia - SG,SF",68,168,204,3.2,7.0,0.454,1.1,1.5,0.709,1.2,8.6,0.5,2.1,2.6,1.8,0.8,0.6,2.2
"M. Morris Det - SF,PF",81,169,109,4.7,10.9,0.436,2.1,2.9,0.725,1.5,13.0,1.0,3.8,4.9,2.3,0.8,0.3,1.5
"M. Teletovic Mil - SF,PF",77,170,132,4.3,10.2,0.421,1.5,2.0,0.781,2.4,12.6,0.8,3.6,4.4,1.2,0.5,0.4,1.1
"B. Wright Mem - PF,C",57,171,259,2.9,4.6,0.634,1.1,1.8,0.650,0.0,7.0,1.3,2.5,3.8,0.5,0.4,1.3,0.7
"W. Barton Den - SG,SF",78,172,98,4.3,10.2,0.427,2.4,3.0,0.788,1.3,12.4,0.6,4.6,5.2,2.3,0.9,0.4,1.6
"J. Crawford LAC - SG,SF",74,173,139,4.6,11.4,0.399,3.0,3.4,0.884,1.5,13.6,0.3,1.5,1.8,2.3,0.7,0.1,1.8
"P. Tucker Pho - SG,SF",70,174,192,2.7,6.2,0.433,1.0,1.4,0.732,0.8,7.1,1.6,3.8,5.3,1.8,1.1,0.2,1.5
"T. Allen Mem - SG,SF",66,175,201,3.2,6.7,0.474,1.3,2.0,0.642,0.2,7.9,1.5,2.7,4.2,1.3,1.6,0.3,1.1
"F. Kaminsky Cha - PF,C",82,176,135,3.3,7.8,0.422,1.6,2.1,0.750,1.1,9.3,1.0,3.7,4.7,1.5,0.6,0.6,1.6
"G. Henderson Phi - SG,SF",74,177,187,4.0,9.3,0.434,1.9,2.4,0.783,0.7,10.6,0.5,3.0,3.5,1.7,0.6,0.3,1.5
"W. Chandler Den - SG,SF",56,178,245,4.2,9.7,0.430,1.3,1.7,0.760,1.5,11.1,0.9,3.6,4.6,1.4,0.6,0.3,1.2
T. Parker SA - PG,70,179,121,4.9,10.0,0.488,1.9,2.5,0.775,0.4,12.1,0.2,2.0,2.3,5.2,0.6,0.1,2.8
"E. Ilyasova OKC - SF,PF",69,180,178,4.0,9.2,0.437,1.3,1.8,0.750,1.2,10.6,1.9,3.6,5.5,0.9,0.6,0.4,1.0
D. West GS - PF,75,181,189,2.8,5.3,0.538,0.9,1.1,0.791,0.0,6.6,0.9,3.0,3.8,1.8,0.6,0.7,1.8
P. Mills SA - PG,77,182,174,3.4,8.1,0.423,0.7,0.8,0.831,1.6,9.1,0.3,1.5,1.8,3.0,0.7,0.1,2.8
D. Valentine Chi - SF,66,183,202,2.9,7.0,0.417,1.2,1.5,0.800,1.3,8.4,0.5,3.2,3.7,3.8,0.5,0.1,2.5
D. Bender Pho - PF,74,184,307,2.0,5.3,0.386,0.8,1.2,0.629,1.1,5.9,0.6,2.2,2.8,0.5,0.5,0.8,0.4
Z. Pachulia GS - C,74,185,161,2.4,5.1,0.472,1.9,2.5,0.764,0.0,6.7,2.7,5.0,7.7,1.6,0.7,0.3,1.1
J. Murray Den - SG,77,186,162,4.0,9.4,0.429,2.2,2.8,0.776,1.9,12.1,0.9,2.2,3.1,1.5,0.7,0.2,0.9
"T. Gibson Chi - PF,C",70,187,158,3.2,6.3,0.511,1.4,2.0,0.700,0.0,7.8,2.6,3.8,6.5,1.3,0.5,1.0,1.4
"M. Leonard Por - PF,C",58,188,274,3.2,6.7,0.472,0.6,0.8,0.783,1.4,8.3,0.8,3.8,4.6,1.2,0.2,0.4,1.0
D. Powell Dal - PF,77,189,185,2.8,5.7,0.488,2.1,2.7,0.749,0.1,7.7,1.7,3.6,5.3,0.8,0.5,0.4,1.0
T. Maker Mil - PF,73,190,239,2.4,5.8,0.407,2.1,2.7,0.772,0.7,7.5,1.8,3.3,5.0,0.2,0.5,0.6,0.2
"A. Burks Uta - PG,SG",61,191,269,3.7,8.8,0.419,2.5,3.3,0.762,0.7,10.6,0.5,2.4,2.9,1.6,0.5,0.1,1.3
"A. Afflalo Sac - SG,SF",73,192,182,4.5,10.3,0.438,1.6,1.9,0.846,1.4,12.0,0.3,3.1,3.4,1.9,0.4,0.1,1.5
"M. Dellavedova Mil - PG,SG",76,193,147,3.1,7.6,0.409,0.8,1.0,0.836,1.5,8.5,0.5,1.9,2.3,4.6,0.6,0.1,3.2
D. Exum Uta - PG,64,194,311,2.1,5.5,0.386,0.3,0.5,0.667,0.9,5.6,0.4,1.5,1.9,2.4,0.5,0.1,1.9
T. Splitter Atl - C,50,195,314,2.3,4.3,0.533,0.9,1.2,0.754,0.0,5.5,1.2,2.0,3.3,0.8,0.6,0.5,1.1
"J. Bayless Phi - PG,SG",73,196,123,3.9,9.3,0.419,1.6,2.0,0.785,1.8,11.1,0.3,2.3,2.6,3.9,0.9,0.2,2.9
"K. Middleton Mil - SG,SF",8,197,406,5.0,11.5,0.435,2.5,3.0,0.833,1.4,13.9,0.6,2.8,3.4,3.3,1.3,0.1,1.9
D. McDermott Chi - SF,79,198,210,3.9,8.5,0.456,0.9,1.0,0.866,1.6,10.3,0.5,2.2,2.7,0.7,0.2,0.1,1.0
C. McCullough Bkn - PF,63,199,261,2.4,5.7,0.420,0.8,1.3,0.600,0.7,6.3,1.2,2.2,3.4,0.6,1.3,0.8,0.7
"T. Zeller Bos - PF,C",56,200,319,2.4,4.8,0.491,1.5,1.8,0.806,0.0,6.2,1.0,2.2,3.2,0.5,0.2,0.4,0.6
"M. Ginobili SA - SG,SF",66,201,180,3.3,7.5,0.446,1.7,2.1,0.801,1.2,9.5,0.4,2.0,2.4,3.3,1.1,0.2,1.9
"P. Patterson Tor - PF,C",78,202,188,2.6,6.0,0.428,0.4,0.5,0.786,1.4,6.9,1.1,3.3,4.4,1.3,0.6,0.5,1.7
"K. Koufos Sac - PF,C",80,203,190,2.9,5.3,0.539,0.7,1.2,0.621,0.0,6.5,2.0,3.3,5.4,0.4,0.4,0.9,0.6
M. Hezonja Orl - SG,82,204,213,2.8,6.4,0.444,0.8,0.9,0.851,1.0,7.5,0.4,2.1,2.5,1.7,0.7,0.2,1.3
B. McLemore Sac - SG,77,205,264,2.8,6.4,0.431,1.1,1.4,0.757,1.0,7.6,0.4,1.6,2.1,1.1,0.8,0.2,0.8
N. Pekovic Min - C,0,206,510,,,0.000,,,0.000,,,,,,,,,0.0
"J. Johnson Uta - SG,SF",78,207,183,3.5,8.1,0.434,1.1,1.4,0.811,1.2,9.3,0.5,2.3,2.8,2.8,0.6,0.1,1.8
"I. Shumpert Cle - SG,SF",65,208,284,1.9,4.9,0.392,0.6,0.8,0.765,0.8,5.2,0.6,2.7,3.3,1.6,0.9,0.2,1.5
T. Burke Was - PG,74,209,253,3.2,8.2,0.393,1.0,1.2,0.828,1.2,8.6,0.4,1.4,1.8,2.4,0.4,0.1,2.2
T. Rozier Bos - PG,55,210,377,1.3,3.6,0.359,0.3,0.4,0.773,0.3,3.1,0.8,1.3,2.1,1.2,0.3,0.1,1.8
"N. Hilario Hou - PF,C",59,211,215,3.7,6.9,0.538,2.1,3.5,0.606,0.0,9.6,1.1,4.0,5.1,2.0,0.9,0.5,1.3
"D. Harris Dal - PG,SG",60,212,281,2.3,5.2,0.442,1.5,1.9,0.767,0.7,6.8,0.2,1.6,1.8,1.9,0.8,0.2,2.1
"M. Williams Cle - PG,SG",0,213,613,,,0.000,,,0.000,,,,,,,,,0.0
"J. Smith Hou - SF,PF",15,214,437,1.4,3.5,0.396,0.5,0.9,0.615,0.4,3.7,0.6,1.7,2.3,1.0,0.3,0.5,1.1
"J. Green Orl - SG,SF",80,215,150,3.9,9.2,0.426,2.1,2.7,0.776,0.8,10.8,0.8,3.0,3.8,1.5,0.6,0.5,1.4
"D. Lee SA - PF,C",64,216,195,3.5,6.6,0.526,1.5,1.9,0.772,0.0,8.5,1.8,3.8,5.6,1.8,0.5,0.5,1.6
"T. Ross Tor - SG,SF",76,217,218,3.5,8.4,0.422,0.6,0.7,0.804,1.6,9.3,0.4,2.2,2.6,0.8,0.7,0.3,1.2
"S. Muhammad Min - SG,SF",72,218,238,3.6,7.6,0.474,2.2,2.9,0.756,0.6,10.0,1.2,2.0,3.2,0.7,0.3,0.1,0.9
"O. Asik NO - PF,C",73,219,268,1.8,3.4,0.528,1.2,2.2,0.570,0.0,4.8,2.2,4.8,7.1,0.5,0.3,0.4,0.5
T. Lawson Sac - PG,71,220,184,2.5,5.9,0.427,1.3,1.8,0.724,0.7,7.1,0.5,2.2,2.7,4.3,0.8,0.1,3.3
"J. Jack Atl - PG,SG",65,221,163,3.5,8.2,0.424,2.1,2.4,0.860,0.8,9.8,0.2,2.8,3.0,4.8,0.8,0.1,2.4
"W. Johnson LAC - SG,SF",78,222,208,2.6,6.3,0.411,0.6,0.8,0.697,1.3,7.1,0.5,2.6,3.0,0.8,0.9,0.7,1.1
"B. Bass LAC - PF,C",79,223,219,2.1,4.1,0.520,1.4,1.7,0.836,0.0,5.7,1.1,2.2,3.3,1.0,0.4,0.6,1.8
J. Calderon LAL - PG,67,224,236,2.1,4.8,0.443,0.5,0.6,0.895,1.0,5.8,0.3,2.1,2.4,3.3,0.7,0.1,3.2
"L. Galloway NO - PG,SG",82,225,157,2.9,7.1,0.401,1.0,1.3,0.790,1.0,7.8,0.5,2.8,3.3,2.3,0.9,0.3,3.0
"T. Sefolosha Atl - SG,SF",76,226,235,1.8,4.0,0.450,0.8,1.1,0.711,0.5,4.9,0.6,3.1,3.7,1.2,1.0,0.4,1.6
"M. Chalmers Mem - PG,SG",48,227,273,2.3,5.6,0.412,2.5,3.1,0.792,0.8,7.9,0.3,1.7,2.0,3.0,1.2,0.1,2.4
"O. Casspi Sac - SF,PF",69,228,196,3.7,7.9,0.464,1.5,2.2,0.684,1.3,10.1,0.8,4.4,5.2,1.3,0.7,0.2,1.0
"C. Miles Ind - SG,SF",66,229,237,3.5,8.4,0.413,1.3,1.7,0.789,2.0,10.2,0.3,2.1,2.4,0.9,0.7,0.4,1.0
"S. Livingston GS - PG,SG",77,230,209,2.4,4.7,0.506,0.9,1.2,0.791,0.0,5.7,0.5,1.6,2.1,2.9,0.6,0.3,2.8
S. Larkin Bkn - PG,0,231,460,,,0.000,,,0.000,,,,,,,,,0.0
"J. Hill Min - PF,C",71,232,212,3.4,6.8,0.493,1.2,1.6,0.732,0.0,7.9,1.9,3.6,5.5,1.0,0.4,0.5,0.9
"L. Scola Bkn - PF,C",75,233,191,3.8,8.6,0.446,1.1,1.5,0.714,0.7,9.4,1.3,3.9,5.2,1.0,0.6,0.4,0.9
"D. Arthur Den - PF,C",67,234,247,2.9,6.5,0.449,0.6,0.8,0.788,0.5,7.0,1.0,2.6,3.6,1.2,0.7,0.6,1.6
C. Aldrich Min - C,67,235,197,2.4,4.4,0.554,1.1,1.4,0.747,0.0,6.0,1.5,3.8,5.3,1.0,0.9,1.2,0.8
I. Smith Det - PG,75,236,194,3.3,8.1,0.404,1.1,1.6,0.681,0.5,8.2,0.4,2.3,2.7,4.3,0.7,0.2,2.6
T. Booker Bkn - PF,78,237,140,3.2,6.7,0.484,1.2,1.8,0.638,0.3,7.9,2.5,4.4,6.9,1.4,0.8,0.6,1.0
"C. Frye Cle - PF,C",73,238,244,2.5,5.7,0.436,0.4,0.5,0.811,1.6,7.0,0.5,2.8,3.3,1.1,0.4,0.4,1.8
"H. Thompson Phi - SG,SF",75,239,228,2.9,7.1,0.413,0.7,1.0,0.724,1.9,8.4,0.7,2.4,3.0,1.1,0.5,0.3,1.3
"J. Smith Was - PF,C",78,240,225,3.2,6.7,0.471,0.9,1.1,0.791,0.1,7.3,1.0,2.4,3.4,1.0,0.4,0.8,1.1
I. Canaan Chi - PG,72,241,295,2.2,5.7,0.382,1.1,1.3,0.821,1.4,6.9,0.2,1.2,1.4,1.2,0.4,0.1,1.5
C. Joseph Tor - PG,78,242,145,3.4,7.6,0.454,1.7,2.1,0.782,0.4,8.9,0.5,2.2,2.7,3.1,0.8,0.2,2.8
"R. Felton LAC - PG,SG",71,243,233,2.6,6.5,0.402,1.4,1.7,0.800,0.6,7.2,0.5,2.0,2.5,3.0,0.7,0.2,2.2
"C. Brewer Hou - SG,SF",81,244,246,2.3,5.8,0.403,1.1,1.6,0.732,0.7,6.5,0.5,1.9,2.4,1.2,1.0,0.2,1.3
A. Baynes Det - C,76,245,251,2.2,4.1,0.540,1.4,1.8,0.796,0.0,5.9,1.4,2.7,4.2,0.5,0.3,0.5,0.7
T. McConnell Phi - PG,79,246,149,2.6,5.6,0.462,0.5,0.7,0.696,0.5,6.1,0.5,2.5,2.9,4.3,1.1,0.1,2.8
"J. Barea Dal - PG,SG",76,247,203,3.7,8.6,0.424,0.9,1.2,0.787,1.1,9.3,0.3,1.7,2.0,3.7,0.3,0.0,2.6
"J. Leuer Det - PF,C",71,248,216,3.1,6.3,0.487,1.0,1.4,0.745,0.6,7.7,1.0,3.7,4.7,1.0,0.6,0.3,1.2
"J. Grant Phi - SF,PF",72,249,241,2.5,6.0,0.413,2.0,3.1,0.655,0.5,7.5,1.0,2.6,3.6,1.4,0.5,1.1,1.2
"J. Henson Mil - PF,C",64,250,206,3.1,5.4,0.568,1.3,2.2,0.580,0.0,7.4,1.8,2.6,4.4,1.0,0.4,2.0,0.8
"A. Roberson OKC - SG,SF",74,251,227,2.3,4.8,0.480,0.6,0.9,0.657,0.6,5.8,1.0,2.8,3.8,0.8,0.9,0.6,1.1
"D. Cunningham NO - SF,PF",77,252,279,2.0,4.3,0.459,0.6,0.9,0.672,0.5,5.1,0.7,2.0,2.7,0.8,0.5,0.4,2.0
"G. Temple Sac - PG,SG",75,253,175,2.9,7.1,0.407,1.2,1.7,0.713,1.3,8.3,0.6,2.6,3.2,2.5,1.0,0.2,2.7
"J. Lamb Cha - SG,SF",70,254,258,2.9,6.4,0.445,0.9,1.1,0.769,0.8,7.3,0.5,2.6,3.1,1.0,0.5,0.4,1.7
"B. Diaw Uta - PF,C",78,255,250,2.5,5.1,0.479,0.7,0.9,0.746,0.4,6.0,0.8,2.6,3.4,2.3,0.3,0.3,1.6
"L. Allen Ind - PF,C",72,256,294,1.8,3.6,0.485,0.5,0.7,0.660,0.0,4.0,1.6,2.6,4.3,0.8,0.2,0.5,1.3
W. Ellington Mia - SG,71,257,320,2.0,5.0,0.399,0.5,0.5,0.846,0.8,5.3,0.2,1.5,1.7,0.8,0.4,0.0,2.1
M. Scott Atl - PF,73,258,276,2.4,5.1,0.465,0.8,0.9,0.797,0.8,6.3,0.6,2.2,2.8,1.0,0.3,0.2,1.6
"T. Douglas Cle - PG,SG",27,259,395,1.7,4.4,0.398,0.7,0.9,0.800,0.7,5.0,0.2,1.1,1.3,1.5,0.6,0.1,2.0
"J. Terry Mil - PG,SG",61,260,341,1.5,3.7,0.415,0.3,0.4,0.840,0.9,4.3,0.1,0.7,0.8,1.0,0.5,0.1,1.7
"G. Green Bos - SG,SF",58,261,330,2.4,6.1,0.399,0.8,0.9,0.815,0.9,6.6,0.3,1.5,1.8,0.6,0.4,0.2,0.9
"J. Ingles Uta - SG,SF",74,262,316,1.4,3.4,0.422,0.2,0.3,0.789,0.8,3.9,0.2,1.6,1.8,1.3,0.5,0.1,1.8
"M. Speights LAC - PF,C",76,263,223,3.4,7.4,0.451,1.7,2.1,0.822,0.3,8.7,1.3,2.7,4.0,1.0,0.3,0.5,0.8
J. Green Mem - PF,75,264,242,2.7,5.7,0.480,1.2,1.5,0.765,0.1,6.8,1.4,2.8,4.2,0.8,0.6,0.4,0.8
D. Augustin Orl - PG,59,265,255,2.6,6.2,0.416,2.1,2.5,0.841,1.1,8.3,0.2,1.5,1.7,3.6,0.6,0.1,2.3
"R. Sessions Cha - PG,SG",78,266,155,3.4,7.6,0.452,2.9,3.7,0.774,0.6,10.3,0.3,2.3,2.7,3.1,0.7,0.1,1.9
"P. Pierce LAC - SF,PF",71,267,267,2.5,6.2,0.407,1.1,1.4,0.804,1.3,7.5,0.2,2.6,2.9,1.1,0.6,0.3,1.2
"M. Thornton Was - SG,SF",65,268,262,3.3,8.1,0.410,1.0,1.3,0.795,1.2,8.9,0.5,1.9,2.4,1.4,0.8,0.0,2.0
"D. Williams Mia - SF,PF",78,269,198,3.5,7.9,0.444,2.6,3.6,0.726,0.5,10.1,0.7,3.4,4.1,1.0,0.5,0.2,1.1
"R. Stuckey Ind - PG,SG",70,270,229,3.0,7.2,0.418,2.1,2.6,0.812,0.4,8.6,0.4,2.3,2.6,2.3,0.7,0.1,1.8
"J. Jerebko Bos - SF,PF",75,271,271,1.8,4.2,0.432,0.8,1.1,0.768,0.6,5.1,1.2,2.9,4.1,0.9,0.5,0.3,1.1
"R. Price OKC - PG,SG",50,272,350,1.3,3.6,0.376,0.4,0.6,0.724,0.6,3.7,0.3,0.9,1.1,1.9,0.8,0.1,2.3
"M. Plumlee Mil - PF,C",71,273,232,2.4,4.3,0.571,0.7,1.1,0.610,0.0,5.5,1.8,3.1,4.9,0.4,0.5,1.0,0.5
"A. Tolliver Sac - SF,PF",74,274,300,1.8,4.4,0.406,0.4,0.7,0.660,1.3,5.3,0.4,2.4,2.8,0.7,0.4,0.2,1.6
"A. Ajinca NO - PF,C",63,275,263,2.9,5.6,0.515,1.0,1.2,0.842,0.0,6.8,1.6,3.4,5.0,0.6,0.4,0.8,0.6
"L. Barbosa Pho - PG,SG",65,276,306,2.4,5.1,0.464,0.7,0.8,0.811,0.6,6.0,0.3,1.2,1.5,1.3,0.6,0.1,1.5
N. Stauskas Phi - SG,62,277,318,2.1,5.3,0.392,0.9,1.0,0.815,1.1,6.1,0.3,1.5,1.8,1.2,0.4,0.2,1.4
"A. Gee NO - SG,SF",67,278,334,1.2,2.7,0.441,0.5,0.7,0.727,0.2,3.0,0.6,1.6,2.1,0.7,0.6,0.1,1.2
"Q. Acy Dal - SF,PF",55,279,345,1.3,2.5,0.529,0.6,0.9,0.745,0.3,3.6,0.8,1.7,2.5,0.4,0.4,0.3,0.9
M. Harkless Por - SF,80,280,226,2.6,5.5,0.464,0.8,1.4,0.606,0.5,6.5,1.3,2.5,3.7,1.0,0.7,0.5,1.2
"L. Stephenson NO - SG,SF",63,281,289,2.7,6.0,0.451,1.0,1.4,0.724,0.3,6.7,0.6,2.4,3.0,2.1,0.6,0.1,1.6
"A. Morrow OKC - SG,SF",73,282,288,2.5,5.8,0.429,0.6,0.7,0.865,1.4,7.0,0.3,0.9,1.2,0.6,0.4,0.1,1.9
"S. Hawes Cha - PF,C",63,283,297,1.8,4.3,0.425,0.7,1.0,0.750,0.6,5.0,0.7,2.7,3.4,1.5,0.3,0.5,1.9
"K. O'Quinn NY - PF,C",64,284,249,2.6,5.3,0.493,0.8,1.1,0.712,0.1,6.1,1.4,3.2,4.6,1.3,0.5,1.0,1.2
"M. Belinelli Cha - SG,SF",73,285,252,3.3,8.2,0.402,1.5,1.8,0.842,1.4,9.5,0.2,1.5,1.7,1.7,0.4,0.1,1.7
A. Brooks Ind - PG,69,286,275,2.7,6.6,0.407,0.8,1.0,0.792,1.1,7.3,0.3,1.0,1.3,2.7,0.5,0.1,2.1
"J. Lauvergne OKC - PF,C",68,287,211,3.6,7.0,0.515,0.9,1.1,0.803,0.3,8.4,1.4,3.8,5.2,1.1,0.3,0.4,1.1
"D. Sloan Bkn - PG,SG",0,288,615,,,0.000,,,0.000,,,,,,,,,0.0
D. Dedmon SA - C,69,289,266,2.0,3.6,0.563,1.0,1.5,0.667,0.0,5.0,1.6,3.1,4.8,0.3,0.4,1.0,0.3
"V. Carter Mem - SG,SF",69,290,278,2.2,5.8,0.385,1.1,1.3,0.815,1.1,6.6,0.5,1.8,2.3,1.1,0.6,0.3,1.7
"R. Foye Bkn - PG,SG",77,291,265,2.4,6.4,0.375,0.8,1.0,0.821,1.1,6.7,0.2,1.6,1.8,2.2,0.5,0.3,1.9
"A. Rivers LAC - PG,SG",73,292,270,2.9,6.9,0.427,1.1,1.6,0.697,0.8,7.8,0.3,1.4,1.8,1.5,0.6,0.2,1.8
"K. Martin SA - SG,SF",33,293,386,2.1,5.4,0.393,1.6,1.8,0.883,0.7,6.5,0.2,1.1,1.3,0.9,0.4,0.1,1.0
"E. Moore NO - PG,SG",72,294,248,3.3,7.3,0.462,0.5,0.7,0.679,0.8,8.0,0.3,2.0,2.4,1.8,0.6,0.2,2.0
"K. Humphries Atl - PF,C",59,295,305,2.2,4.8,0.460,1.3,1.8,0.724,0.5,6.2,1.1,2.6,3.6,0.6,0.5,0.3,0.9
"N. Cole NO - PG,SG",42,296,346,2.8,6.8,0.416,0.7,0.9,0.763,0.5,6.8,0.1,2.0,2.1,2.3,0.5,0.1,2.0
"O. Mayo Mil - PG,SG",0,297,500,,,0.000,,,0.000,,,,,,,,,0.0
"R. Jefferson Cle - SG,SF",75,298,292,2.0,4.3,0.460,0.9,1.3,0.710,1.0,5.9,0.2,1.7,2.0,0.7,0.5,0.2,1.0
"T. Hardaway Jr. Atl - SG,SF",72,299,287,2.4,5.6,0.426,1.0,1.2,0.843,1.1,6.8,0.2,1.7,1.9,1.1,0.4,0.1,1.4
"P. Prigioni Hou - PG,SG",68,300,280,1.2,3.0,0.409,0.3,0.3,0.870,0.6,3.4,0.7,1.5,2.2,2.3,1.1,0.0,2.2
"J. Johnson Mia - SF,PF",61,301,304,2.0,4.0,0.486,0.8,1.2,0.653,0.3,5.0,0.6,1.8,2.4,1.1,0.7,0.7,1.3
"T. Snell Chi - SG,SF",60,302,352,1.6,4.0,0.405,0.4,0.4,0.808,0.7,4.3,0.2,2.1,2.3,0.8,0.3,0.2,1.4
"T. Prince Min - SF,PF",0,303,531,,,0.000,,,0.000,,,,,,,,,0.0
N. Bjelica Min - PF,64,304,293,1.6,3.7,0.447,0.6,0.8,0.755,0.9,4.8,0.7,2.4,3.1,1.3,0.3,0.4,2.1
"L. Thomas NY - SG,SF",65,305,301,2.7,6.2,0.438,1.4,1.7,0.804,0.6,7.4,0.6,1.6,2.2,0.9,0.5,0.1,0.9
"C. Landry Phi - SF,PF",53,306,317,2.6,4.9,0.525,1.4,1.8,0.771,0.1,6.7,1.1,2.0,3.1,0.5,0.2,0.2,0.9
J. Withey Uta - C,44,307,354,1.5,2.8,0.554,0.7,1.0,0.714,0.0,3.7,0.9,1.7,2.6,0.3,0.3,1.0,0.7
B. Jennings NY - PG,72,308,165,3.2,8.5,0.378,1.6,2.1,0.765,1.4,9.5,0.4,1.9,2.3,4.3,0.8,0.2,2.9
R. Neto Uta - PG,58,309,353,1.5,3.5,0.436,0.4,0.6,0.706,0.6,4.0,0.2,0.8,1.0,1.4,0.6,0.0,1.6
"G. Neal Was - PG,SG",40,310,332,3.1,7.1,0.436,1.4,1.6,0.857,0.9,8.4,0.3,1.5,1.8,1.2,0.4,0.0,2.1
J. Nelson Den - PG,50,311,339,1.6,4.2,0.390,0.4,0.5,0.800,0.7,4.4,0.3,1.3,1.6,2.6,0.4,0.1,2.9
A. Nicholson Was - PF,49,312,342,2.3,5.0,0.465,0.7,0.9,0.783,0.5,5.9,0.6,2.6,3.1,0.4,0.2,0.3,0.7
"C. Budinger Bkn - SG,SF",55,313,344,1.5,3.4,0.430,0.7,0.9,0.766,0.4,4.0,0.7,1.4,2.1,0.9,0.5,0.2,1.3
S. Mack Uta - PG,65,314,313,2.2,5.2,0.429,0.7,1.0,0.719,0.6,5.8,0.2,1.6,1.8,2.5,0.4,0.1,1.8
"M. Dunleavy Cle - SG,SF",59,315,291,2.5,5.8,0.426,1.0,1.2,0.819,1.3,7.3,0.3,2.3,2.6,1.2,0.5,0.3,1.5
"B. Rush Min - SG,SF",65,316,329,1.4,3.4,0.425,0.2,0.4,0.667,0.9,4.0,0.3,1.9,2.2,0.7,0.2,0.3,1.9
"K. Garnett Min - PF,C",35,317,378,1.2,2.5,0.461,0.3,0.4,0.733,0.0,2.7,0.4,3.0,3.4,1.3,0.6,0.2,3.0
"L. Richard Mbah a Moute LAC - SF,PF",64,318,335,1.2,2.7,0.443,0.5,0.8,0.592,0.2,3.0,0.7,1.7,2.4,0.6,0.7,0.3,0.9
"T. Johnson Mia - PG,SG",75,319,176,3.5,7.7,0.451,1.5,2.0,0.758,0.9,9.3,0.7,2.5,3.3,2.7,0.7,0.3,1.6
N. Vonleh Por - PF,57,320,369,1.2,2.9,0.413,0.5,0.7,0.725,0.1,3.0,0.9,2.1,3.1,0.3,0.3,0.3,0.7
C. Villanueva Dal - PF,42,321,381,1.9,4.9,0.391,0.3,0.5,0.684,0.9,5.0,0.4,2.0,2.3,0.4,0.3,0.3,0.8
L. Babbitt Mia - SF,53,322,358,1.9,4.4,0.430,0.6,0.8,0.732,0.8,5.2,0.3,1.8,2.1,0.8,0.2,0.1,2.2
"P. Hairston Hou - SG,SF",35,323,400,1.5,4.2,0.367,0.5,0.6,0.810,0.8,4.4,0.3,1.3,1.6,0.4,0.3,0.1,0.8
M. Brown Cle - SG,0,324,484,,,0.000,,,0.000,,,,,,,,,0.0
"N. Young LAL - SG,SF",0,325,476,,,0.000,,,0.000,,,,,,,,,0.0
"S. Blake Det - PG,SG",0,326,611,,,0.000,,,0.000,,,,,,,,,0.0
"M. Muscala Atl - PF,C",49,327,371,1.2,2.3,0.513,0.6,0.7,0.844,0.2,3.1,0.6,1.2,1.8,0.5,0.2,0.4,1.1
"K. Singler OKC - SG,SF",77,328,310,1.9,4.8,0.402,0.5,0.7,0.741,0.6,5.0,0.8,1.6,2.4,0.6,0.5,0.2,0.9
"J. Thompson Tor - PF,C",14,329,433,1.1,2.1,0.500,0.7,1.0,0.714,0.0,2.9,0.6,1.9,2.5,0.6,0.4,0.6,1.6
"R. Butler Min - SG,SF",0,330,548,,,0.000,,,0.000,,,,,,,,,0.0
B. Marjanovic Det - C,57,331,303,2.1,3.5,0.585,1.5,2.1,0.746,0.0,5.6,1.5,2.3,3.8,0.4,0.2,0.6,0.6
"J. Holiday NY - SG,SF",66,332,302,1.9,4.7,0.402,0.7,0.9,0.789,0.8,5.3,0.3,1.9,2.2,1.3,0.6,0.4,1.6
"J. Grant Chi - PG,SG",80,333,231,2.3,5.5,0.409,1.4,1.7,0.794,0.5,6.3,0.3,1.7,2.1,2.6,0.7,0.2,2.0
C. Watson Orl - PG,61,334,299,1.7,4.2,0.395,1.0,1.2,0.824,0.6,4.9,0.3,1.5,1.8,2.5,0.7,0.1,2.8
"C. Johnson Uta - SG,SF",0,335,458,,,0.000,,,0.000,,,,,,,,,0.0
R. Holmes Phi - PF,34,336,382,1.8,3.5,0.504,0.6,0.9,0.710,0.1,4.3,0.8,1.1,1.9,0.5,0.3,0.7,0.9
S. Vujacic NY - SG,57,337,359,1.3,3.4,0.396,0.5,0.6,0.853,0.7,3.9,0.3,1.3,1.6,1.1,0.4,0.1,1.7
F. Ezeli Por - C,58,338,283,2.6,4.9,0.537,1.2,2.1,0.554,0.0,6.4,1.8,2.9,4.7,0.6,0.4,1.0,0.7
B. Udrih Mia - PG,62,339,362,1.3,3.1,0.427,0.3,0.3,0.842,0.3,3.2,0.2,0.9,1.0,2.0,0.2,0.0,2.1
"C. Andersen Cle - PF,C",42,340,364,1.2,2.2,0.548,0.7,1.0,0.682,0.1,3.2,1.1,1.9,3.0,0.3,0.5,0.4,1.1
"K. Seraphin Ind - PF,C",47,341,367,1.9,4.3,0.455,0.5,0.6,0.759,0.0,4.3,0.7,1.9,2.5,0.7,0.2,0.7,0.8
N. Powell Tor - SG,63,342,286,2.2,5.2,0.433,1.0,1.2,0.795,0.8,6.2,0.4,2.3,2.7,1.2,0.7,0.2,1.5
"D. Motiejunas Hou - SF,PF",47,343,343,2.3,5.1,0.456,0.9,1.4,0.621,0.5,6.0,0.9,2.2,3.1,1.0,0.5,0.3,1.0
C. Payne OKC - PG,76,344,234,2.6,6.2,0.419,0.7,0.9,0.821,0.8,6.7,0.3,1.9,2.2,2.4,0.8,0.1,2.3
"J. Sampson Den - SG,SF",0,345,502,,,0.000,,,0.000,,,,,,,,,0.0
"B. Roberts Cha - PG,SG",43,346,390,1.3,3.0,0.427,0.8,0.9,0.919,0.3,3.7,0.1,0.7,0.8,1.0,0.2,0.0,2.0
J. Anderson Dal - SF,71,347,272,1.8,4.2,0.419,1.1,1.3,0.828,0.7,5.3,0.6,2.6,3.2,0.8,0.5,0.7,1.3
"N. Collison OKC - PF,C",53,348,379,0.8,1.8,0.454,0.4,0.5,0.724,0.0,2.1,1.1,1.8,2.9,0.7,0.2,0.3,0.9
S. Kilpatrick Bkn - SG,78,349,144,5.0,11.1,0.452,2.3,2.6,0.882,1.6,14.0,0.4,1.8,2.2,1.1,0.4,0.1,0.9
"T. Robinson LAL - PF,C",65,350,285,2.3,4.9,0.468,0.8,1.7,0.455,0.0,5.3,1.8,5.6,7.4,0.6,0.6,0.5,0.5
H. Sims Uta - C,0,351,638,,,0.000,,,0.000,,,,,,,,,0.0
"J. Jones Cle - SG,SF",45,352,389,1.3,3.2,0.411,0.5,0.6,0.846,1.0,4.1,0.1,0.8,0.9,0.3,0.2,0.2,1.2
"J. Ennis Mem - SG,SF",49,353,361,1.4,3.1,0.450,0.8,1.1,0.774,0.7,4.3,0.6,1.3,1.9,0.6,0.3,0.2,1.1
T. Daniels Mem - PG,66,354,290,2.9,6.4,0.459,0.4,0.5,0.735,1.9,8.1,0.3,1.3,1.6,0.7,0.5,0.1,0.9
"K. Hinrich Atl - PG,SG",0,355,607,,,0.000,,,0.000,,,,,,,,,0.0
"M. Beasley Mil - SF,PF",76,356,169,4.8,10.1,0.473,1.9,2.4,0.769,0.3,11.7,1.3,3.3,4.6,0.9,0.5,0.5,0.6
"G. Vasquez Bkn - PG,SG",69,357,240,2.7,6.9,0.390,0.9,1.1,0.829,1.3,7.6,0.2,2.1,2.3,4.2,0.4,0.1,2.2
"A. Miller SA - PG,SG",0,358,492,,,0.000,,,0.000,,,,,,,,,0.0
"A. Bargnani Bkn - PF,C",0,359,459,,,0.000,,,0.000,,,,,,,,,0.0
M. Huertas LAL - PG,55,360,348,1.4,3.3,0.419,0.4,0.5,0.840,0.3,3.4,0.3,1.1,1.3,2.6,0.4,0.1,2.3
"I. Clark GS - PG,SG",70,361,337,1.4,3.3,0.433,0.5,0.6,0.800,0.6,3.9,0.2,1.0,1.2,1.1,0.3,0.2,1.4
J. Simmons SA - SF,67,362,298,2.4,4.8,0.492,1.4,1.8,0.769,0.4,6.5,0.3,1.7,2.0,1.2,0.5,0.1,1.1
"T. Black LAL - PF,C",51,363,336,1.7,3.1,0.564,0.7,1.4,0.522,0.0,4.2,1.2,3.0,4.1,0.5,0.4,0.5,0.8
R. McCallum Det - PG,0,364,462,,,0.000,,,0.000,,,,,,,,,0.0
"A. Varejao GS - PF,C",56,365,360,1.1,2.4,0.460,0.8,1.1,0.677,0.0,3.0,0.8,1.9,2.7,0.8,0.3,0.3,1.7
"A. Anderson LAC - SG,SF",58,366,338,1.6,4.1,0.401,0.9,1.1,0.758,0.8,5.0,0.2,1.7,1.9,1.1,0.3,0.1,2.2
C. Butler Sac - SF,0,367,527,,,0.000,,,0.000,,,,,,,,,0.0
T. Ennis Hou - PG,55,368,351,1.7,3.9,0.429,0.3,0.5,0.731,0.3,4.0,0.2,1.2,1.5,1.8,0.5,0.1,2.1
"R. Kelly Atl - SF,PF",0,369,466,,,0.000,,,0.000,,,,,,,,,0.0
J. McGee GS - C,0,370,507,,,0.000,,,0.000,,,,,,,,,0.0
S. Mejri Dal - C,68,371,224,2.2,3.6,0.617,1.3,2.1,0.615,0.0,5.7,1.8,3.6,5.4,0.4,0.3,1.6,0.4
"R. Bullock Det - SG,SF",48,372,372,1.2,2.8,0.426,0.4,0.5,0.818,0.6,3.4,0.4,1.7,2.0,0.6,0.4,0.1,2.2
S. Napier Por - PG,48,373,370,1.5,4.0,0.368,0.6,0.8,0.769,0.8,4.3,0.2,1.2,1.4,1.7,0.4,0.1,1.9
"R. Vaughn Mil - SG,SF",67,374,328,1.8,4.6,0.379,0.3,0.3,0.826,0.8,4.6,0.3,1.5,1.8,0.7,0.5,0.2,1.5
"C. Kaman Por - PF,C",0,375,605,,,0.000,,,0.000,,,,,,,,,0.0
K. McDaniels Hou - SF,49,376,380,1.2,3.0,0.412,0.9,1.1,0.764,0.3,3.7,0.6,1.1,1.7,0.5,0.2,0.4,0.7
"W. Reed Mia - PF,C",77,377,207,2.8,5.0,0.558,1.2,2.1,0.591,0.0,6.8,1.8,2.9,4.7,0.4,0.3,1.2,0.6
"J. McRoberts Mia - PF,C",56,378,322,1.5,3.5,0.443,0.7,1.0,0.722,0.5,4.3,0.5,2.1,2.6,1.9,0.4,0.2,2.2
J. Meeks Orl - SG,16,379,435,1.9,4.6,0.405,0.7,0.8,0.846,0.8,5.2,0.2,0.8,1.0,0.5,0.3,0.1,1.1
J. Farmar Sac - PG,30,380,399,1.4,3.3,0.410,0.3,0.4,0.727,0.5,3.5,0.2,1.0,1.2,1.6,0.5,0.1,2.4
"M. Bonner SA - PF,C",0,381,612,,,0.000,,,0.000,,,,,,,,,0.0
K. Oubre Jr. Was - SF,0,382,504,,,0.000,,,0.000,,,,,,,,,0.0
T. Jones Min - PG,56,383,309,1.8,4.7,0.380,0.9,1.2,0.754,0.5,5.0,0.2,1.1,1.3,3.1,0.8,0.1,2.8
"J. Jenkins Pho - SG,SF",38,384,397,1.6,3.5,0.455,0.5,0.6,0.826,0.5,4.2,0.2,1.2,1.4,0.7,0.2,0.0,1.1
G. Robinson III Ind - SF,0,385,483,,,0.000,,,0.000,,,,,,,,,0.0
"J. Anderson Sac - SG,SF",0,386,609,,,0.000,,,0.000,,,,,,,,,0.0
"M. Miller Den - SG,SF",42,387,418,0.5,1.2,0.365,0.0,0.0,1.000,0.4,1.4,0.1,0.9,1.0,0.8,0.1,0.0,2.3
C. Felicio Chi - C,67,388,256,2.0,3.6,0.550,1.2,1.7,0.730,0.0,5.2,1.5,3.4,4.9,1.1,0.3,0.6,1.5
J. O'Bryant Was - PF,32,389,427,1.2,2.9,0.409,0.4,0.6,0.632,0.0,2.8,0.8,1.3,2.1,0.4,0.2,0.1,0.8
"D. Gooden Was - PF,C",0,390,525,,,0.000,,,0.000,,,,,,,,,0.0
"S. Karasev Bkn - SG,SF",0,391,461,,,0.000,,,0.000,,,,,,,,,0.0
"E. Brand Phi - PF,C",0,392,489,,,0.000,,,0.000,,,,,,,,,0.0
"J. Evans Ind - SF,PF",34,393,407,0.8,1.5,0.549,0.6,0.7,0.760,0.1,2.3,0.4,1.2,1.6,0.1,0.2,0.2,0.5
R. Sacre NO - C,0,394,636,,,0.000,,,0.000,,,,,,,,,0.0
U. Haslem Mia - PF,44,395,412,0.7,1.5,0.433,0.3,0.4,0.688,0.0,1.6,0.2,1.6,1.8,0.3,0.2,0.1,1.5
"M. World Peace LAL - SF,PF",0,396,494,,,0.000,,,0.000,,,,,,,,,0.0
"T. Hansbrough Cha - PF,C",18,397,438,0.7,1.6,0.448,0.9,1.2,0.727,0.0,2.3,0.7,1.2,1.9,0.2,0.3,0.1,0.8
A. Payne Min - PF,39,398,403,1.1,2.7,0.383,0.3,0.5,0.684,0.2,2.6,0.5,1.6,2.1,0.6,0.4,0.2,0.8
"A. Goodwin Pho - PG,SG",50,399,363,2.1,5.1,0.423,1.5,2.2,0.694,0.3,6.1,0.4,1.2,1.6,1.4,0.3,0.1,1.2
"D. Rudez Orl - SG,SF",30,400,441,1.0,2.3,0.426,0.2,0.2,0.714,0.5,2.6,0.1,0.5,0.6,0.3,0.1,0.1,0.7
"J. Anthony SA - PF,C",0,401,486,,,0.000,,,0.000,,,,,,,,,0.0
"Q. Pondexter NO - SG,SF",58,402,325,2.2,5.1,0.431,0.8,1.1,0.726,0.9,6.1,0.5,1.5,2.0,1.1,0.2,0.2,1.7
K. Perkins NO - C,15,403,443,0.9,1.8,0.481,0.4,0.7,0.600,0.0,2.1,0.6,2.6,3.2,0.7,0.2,0.3,0.7
L. Nogueira Tor - C,57,404,324,1.6,2.8,0.579,0.6,0.9,0.604,0.0,3.8,0.8,2.1,2.9,0.4,0.6,0.5,0.6
A. Brown LAL - SF,41,405,409,0.9,2.4,0.364,0.3,0.4,0.733,0.5,2.5,0.1,1.1,1.2,0.4,0.3,0.1,1.4
R. Hunter Bos - SG,44,406,391,1.3,3.4,0.380,0.2,0.3,0.750,0.8,3.6,0.1,1.3,1.4,0.5,0.5,0.1,1.0
M. Harrell Hou - PF,60,407,308,1.9,3.1,0.613,1.0,1.6,0.635,0.1,4.9,0.8,2.2,3.0,0.7,0.4,0.6,1.2
K. Marshall Uta - PG,0,408,627,,,0.000,,,0.000,,,,,,,,,0.0
J. Martin Mem - PF,51,409,312,2.4,5.2,0.471,1.9,2.5,0.736,0.0,6.7,1.5,3.0,4.5,0.7,0.4,0.4,0.9
J. Hamilton NO - SF,0,410,617,,,0.000,,,0.000,,,,,,,,,0.0
P. Pressey GS - PG,0,411,467,,,0.000,,,0.000,,,,,,,,,0.0
"A. Bennett Bkn - SF,PF",42,412,417,0.8,2.2,0.385,0.4,0.6,0.708,0.2,2.2,0.4,1.0,1.4,0.2,0.2,0.1,0.6
"J. Hamilton Bkn - PF,C",54,413,340,1.4,3.0,0.479,0.7,0.8,0.822,0.2,3.8,0.9,1.3,2.2,0.5,0.5,0.4,1.0
"J. Hickson Was - PF,C",0,414,508,,,0.000,,,0.000,,,,,,,,,0.0
"J. Young Ind - PG,SG",53,415,349,1.8,4.8,0.383,0.7,0.8,0.833,0.4,4.8,0.3,1.3,1.6,2.1,0.5,0.0,2.0
D. Hilliard Det - SG,35,416,402,1.4,3.3,0.414,0.8,1.1,0.730,0.4,3.9,0.2,1.0,1.2,0.7,0.3,0.0,1.4
"A. Toupane Den - SG,SF",40,417,392,1.2,3.0,0.387,0.5,0.6,0.800,0.5,3.3,0.4,1.0,1.3,0.7,0.3,0.2,2.9
D. Wright Tor - PG,29,418,394,1.6,3.7,0.443,1.1,1.4,0.780,0.2,4.6,0.3,1.2,1.5,1.3,0.4,0.1,1.8
C. Wilcox Orl - SG,34,419,419,1.1,2.6,0.404,0.3,0.4,0.833,0.3,2.7,0.1,0.5,0.6,0.4,0.4,0.1,1.6
"J. Ayres LAC - PF,C",0,420,529,,,0.000,,,0.000,,,,,,,,,0.0
"D. Wright LAC - SG,SF",0,421,616,,,0.000,,,0.000,,,,,,,,,0.0
J. Michael McAdoo GS - PF,39,422,401,1.1,2.0,0.544,0.8,1.4,0.566,0.0,3.0,0.8,1.0,1.8,0.5,0.2,0.2,0.9
"R. Hummel Den - SF,PF",0,423,635,,,0.000,,,0.000,,,,,,,,,0.0
X. Munford LAC - SG,0,424,522,,,0.000,,,0.000,,,,,,,,,0.0
L. Patterson Sac - SG,16,425,431,1.5,3.9,0.381,0.7,0.9,0.733,0.6,4.3,0.3,1.8,2.1,1.6,0.4,0.1,1.5
"C. Copeland NO - SF,PF",0,426,637,,,0.000,,,0.000,,,,,,,,,0.0
J. Eddie Was - SG,23,427,447,0.8,2.2,0.353,0.1,0.2,0.750,0.5,2.2,0.1,0.8,0.9,0.2,0.2,0.0,1.7
L. Amundson NY - PF,0,428,465,,,0.000,,,0.000,,,,,,,,,0.0
"C. Wood Cha - PF,C",20,429,421,1.3,2.9,0.456,0.6,1.0,0.579,0.2,3.4,0.8,1.5,2.2,0.3,0.4,0.4,1.2
C. Early NY - SF,0,430,481,,,0.000,,,0.000,,,,,,,,,0.0
L. Brown Det - PG,28,431,413,1.0,2.7,0.387,0.3,0.5,0.692,0.2,2.6,0.3,0.9,1.2,1.5,0.5,0.1,1.9
B. Weber Mia - PG,0,432,521,,,0.000,,,0.000,,,,,,,,,0.0
J. McRae Cle - SG,52,433,366,2.0,4.8,0.429,1.3,1.7,0.761,0.5,5.9,0.2,1.0,1.2,1.5,0.1,0.1,1.3
C. Jefferson Cle - PF,0,434,488,,,0.000,,,0.000,,,,,,,,,0.0
"M. McGary OKC - PF,C",10,435,454,1.1,2.1,0.524,0.3,0.7,0.429,0.1,2.6,0.5,1.2,1.7,0.3,0.2,0.1,0.4
J. Gutierrez Bkn - PG,0,436,472,,,0.000,,,0.000,,,,,,,,,0.0
D. Inglis Mil - SF,0,437,479,,,0.000,,,0.000,,,,,,,,,0.0
"N. Robinson NO - PG,SG",0,438,622,,,0.000,,,0.000,,,,,,,,,0.0
T. Wear LAL - PF,0,439,495,,,0.000,,,0.000,,,,,,,,,0.0
J. Young Bos - SG,0,440,478,,,0.000,,,0.000,,,,,,,,,0.0
A. Williams Pho - PF,37,441,355,1.6,3.5,0.453,1.3,1.9,0.681,0.0,4.5,1.7,2.9,4.6,0.6,0.6,0.6,0.8
"G. Smith Min - PF,C",0,442,623,,,0.000,,,0.000,,,,,,,,,0.0
"S. Novak Mil - SF,PF",32,443,424,1.0,2.2,0.443,0.1,0.1,1.000,0.8,2.8,0.1,0.6,0.7,0.2,0.1,0.0,1.2
"C. Bairstow Det - PF,C",0,444,485,,,0.000,,,0.000,,,,,,,,,0.0
J. Brown Mil - SG,0,445,497,,,0.000,,,0.000,,,,,,,,,0.0
J. Adams Mem - SG,25,446,423,1.1,2.7,0.418,0.5,0.7,0.722,0.3,3.0,0.2,0.6,0.9,0.6,0.5,0.2,0.9
"C. Hayes Hou - PF,C",0,447,629,,,0.000,,,0.000,,,,,,,,,0.0
"A. Goudelock Hou - PG,SG",0,448,618,,,0.000,,,0.000,,,,,,,,,0.0
J. Harris Bkn - SG,0,449,480,,,0.000,,,0.000,,,,,,,,,0.0
J. Lucas III Min - PG,0,450,633,,,0.000,,,0.000,,,,,,,,,0.0
"J. Cunningham Mil - PG,SG",0,451,630,,,0.000,,,0.000,,,,,,,,,0.0
"D. Jones Cle - SG,SF",0,452,608,,,0.000,,,0.000,,,,,,,,,0.0
S. Kaun Phi - C,0,453,516,,,0.000,,,0.000,,,,,,,,,0.0
W. Tavares Atl - C,22,454,420,1.2,2.2,0.563,0.4,0.8,0.500,0.0,2.9,0.9,1.7,2.6,0.3,0.1,0.6,0.5
J. Mickey Bos - PF,41,455,373,1.5,3.5,0.438,0.9,1.4,0.632,0.0,4.0,0.6,1.5,2.1,0.2,0.2,1.2,1.1
S. Whittington Ind - C,0,456,491,,,0.000,,,0.000,,,,,,,,,0.0
C. Alexander Orl - PF,0,457,513,,,0.000,,,0.000,,,,,,,,,0.0
B. Cotton Mem - PG,0,458,493,,,0.000,,,0.000,,,,,,,,,0.0
J. Stokes Den - PF,0,459,482,,,0.000,,,0.000,,,,,,,,,0.0
S. Dinwiddie Chi - PG,22,460,440,0.9,2.5,0.357,0.8,1.2,0.692,0.1,2.8,0.1,0.7,0.8,0.9,0.2,0.0,2.5
N. Mohammed OKC - C,0,461,477,,,0.000,,,0.000,,,,,,,,,0.0
T. Pleiss Phi - C,0,462,610,,,0.000,,,0.000,,,,,,,,,0.0
K. Looney GS - PF,27,463,436,0.8,1.4,0.538,0.1,0.2,0.600,0.1,1.7,0.4,1.0,1.4,0.1,0.1,0.2,0.6
"P. Connaughton Por - SG,SF",40,464,422,1.0,2.6,0.373,0.3,0.3,0.769,0.4,2.5,0.3,0.9,1.2,0.6,0.2,0.1,0.9
"O. Johnson Mil - SG,SF",0,465,632,,,0.000,,,0.000,,,,,,,,,0.0
E. Moreland Cle - PF,0,466,490,,,0.000,,,0.000,,,,,,,,,0.0
A. Onuaku Orl - PF,0,467,468,,,0.000,,,0.000,,,,,,,,,0.0
"B. Dawson Orl - SF,PF",0,468,509,,,0.000,,,0.000,,,,,,,,,0.0
N. Wolters Den - PG,0,469,463,,,0.000,,,0.000,,,,,,,,,0.0
R. Christmas Ind - PF,0,470,506,,,0.000,,,0.000,,,,,,,,,0.0
E. Williams GS - SG,21,471,444,1.0,2.3,0.417,0.5,0.7,0.733,0.2,2.7,0.1,0.6,0.8,0.5,0.2,0.0,1.4
N. Johnson Orl - SG,13,472,453,0.8,2.2,0.357,0.5,0.8,0.700,0.2,2.2,0.3,0.8,1.2,0.4,0.2,0.1,0.6
S. Dekker Hou - SF,43,473,398,1.3,3.1,0.406,0.5,0.7,0.700,0.4,3.4,0.6,1.3,1.9,0.7,0.3,0.0,0.9
D. Dukan Sac - SF,0,474,512,,,0.000,,,0.000,,,,,,,,,0.0
J. O'Brien Mil - SF,0,475,514,,,0.000,,,0.000,,,,,,,,,0.0
G. Stiemsma Por - C,0,476,583,,,0.000,,,0.000,,,,,,,,,0.0
G. Jerrett Por - PF,0,477,464,,,0.000,,,0.000,,,,,,,,,0.0
T. Murry Min - SG,0,478,470,,,0.000,,,0.000,,,,,,,,,0.0
P. Zipser Chi - SF,31,479,416,1.0,2.2,0.435,0.5,0.5,0.875,0.3,2.7,0.4,1.0,1.4,0.5,0.1,0.2,0.9
"T. Luwawu-Cabarrot Phi - SG,SF",23,480,429,1.2,3.2,0.384,0.6,0.9,0.700,0.4,3.4,0.3,1.0,1.3,0.7,0.5,0.1,1.0
P. McCaw GS - SG,50,481,357,1.3,3.1,0.432,0.7,0.9,0.745,0.5,3.9,0.3,1.1,1.4,1.0,0.7,0.1,1.7
P. Cornelie Den - PF,0,482,537,,,0.000,,,0.000,,,,,,,,,0.0
G. Bakumanya Pho - C,0,483,590,,,0.000,,,0.000,,,,,,,,,0.0
"D. Kennedy Den - SG,SF",0,484,626,,,0.000,,,0.000,,,,,,,,,0.0
P. Garino SA - SG,25,485,415,0.9,2.2,0.411,0.8,0.9,0.826,0.4,3.0,0.2,0.6,0.8,0.8,0.4,0.1,1.5
J. Holland Cle - SG,0,486,498,,,0.000,,,0.000,,,,,,,,,0.0
S. Christon OKC - PG,0,487,487,,,0.000,,,0.000,,,,,,,,,0.0
D. Davis Mem - PF,30,488,411,1.1,1.9,0.569,0.2,0.4,0.636,0.0,2.4,0.5,1.0,1.5,0.2,0.1,0.6,0.5
D. Bertans SA - SF,28,489,425,1.0,2.3,0.438,0.4,0.5,0.857,0.5,3.0,0.3,0.8,1.1,0.3,0.1,0.2,0.7
"L. Jean-Charles SA - SF,PF",54,490,347,1.7,3.1,0.545,0.7,1.0,0.673,0.0,4.0,1.1,1.8,2.9,0.6,0.3,0.3,0.9
B. Beech Bkn - SG,0,491,566,,,0.000,,,0.000,,,,,,,,,0.0
A. Hammons Dal - C,26,492,404,1.4,2.6,0.537,0.8,1.2,0.677,0.0,3.6,0.7,1.8,2.5,0.3,0.1,0.8,0.5
M. Brogdon Mil - SG,68,493,321,1.7,4.3,0.393,0.5,0.6,0.825,0.5,4.4,0.3,1.7,2.0,1.7,0.3,0.0,3.0
A. Nader Bos - PF,0,494,541,,,0.000,,,0.000,,,,,,,,,0.0
T. Freeman Det - PG,0,495,599,,,0.000,,,0.000,,,,,,,,,0.0
A. Andrews Cha - PG,0,496,562,,,0.000,,,0.000,,,,,,,,,0.0
"Y. Jianlian LAL - PF,C",60,497,326,2.1,5.0,0.415,1.1,1.4,0.774,0.2,5.4,0.9,2.3,3.1,0.5,0.3,0.5,0.7
M. Tobey Cha - C,0,498,551,,,0.000,,,0.000,,,,,,,,,0.0
K. Felder Cle - PG,53,499,327,1.6,3.8,0.417,1.6,1.9,0.835,0.5,5.4,0.1,0.9,1.1,1.6,0.6,0.1,1.7
S. Zimmerman Jr. Orl - PF,0,500,533,,,0.000,,,0.000,,,,,,,,,0.0
K. Wiltjer Hou - PF,0,501,587,,,0.000,,,0.000,,,,,,,,,0.0
S. McClellan Was - SG,0,502,574,,,0.000,,,0.000,,,,,,,,,0.0
"T. Satoransky Was - PG,SG",39,503,385,1.2,2.4,0.474,0.8,1.0,0.750,0.3,3.4,0.2,0.9,1.1,1.5,0.4,0.1,2.3
W. Selden Jr. Mem - SG,0,504,555,,,0.000,,,0.000,,,,,,,,,0.0
P. Ellis Cha - PF,0,505,588,,,0.000,,,0.000,,,,,,,,,0.0
M. Kuzminskas NY - SF,65,506,296,2.6,5.7,0.454,1.3,1.6,0.832,0.8,7.2,0.7,1.2,1.9,0.8,0.5,0.3,0.8
"M. Ndour NY - SF,PF",16,507,448,0.7,1.3,0.524,0.3,0.4,0.667,0.1,1.7,0.3,0.9,1.3,0.1,0.3,0.4,0.1
C. Ware Was - PG,0,508,474,,,0.000,,,0.000,,,,,,,,,0.0
Y. Moreira Tor - C,0,509,557,,,0.000,,,0.000,,,,,,,,,0.0
D. Ochefu Was - C,0,510,575,,,0.000,,,0.000,,,,,,,,,0.0
D. Murray SA - PG,44,511,368,2.2,5.2,0.427,0.7,1.0,0.705,0.3,5.4,0.3,1.7,2.0,1.2,0.8,0.3,0.8
N. Jovanovic Det - PF,0,512,600,,,0.000,,,0.000,,,,,,,,,0.0
D. Stone LAC - C,7,513,451,1.4,2.4,0.588,0.7,1.0,0.714,0.0,3.6,0.4,1.0,1.4,0.1,0.1,0.4,0.3
J. Avila Chi - SF,0,514,596,,,0.000,,,0.000,,,,,,,,,0.0
K. Benson Mia - C,0,515,619,,,0.000,,,0.000,,,,,,,,,0.0
B. Paul Phi - SG,0,516,550,,,0.000,,,0.000,,,,,,,,,0.0
C. Onuaku Hou - C,19,517,434,0.9,1.6,0.581,0.3,0.4,0.625,0.0,2.2,0.7,1.3,2.0,0.3,0.2,0.5,0.7
M. Richardson Sac - SG,44,518,388,1.5,4.0,0.379,0.9,1.3,0.696,0.7,4.6,0.2,1.4,1.6,0.8,0.4,0.1,0.9
I. Cordinier Atl - SG,0,519,535,,,0.000,,,0.000,,,,,,,,,0.0
D. Bembry Atl - SF,62,520,333,1.4,3.1,0.438,0.8,1.2,0.658,0.3,3.8,0.4,1.7,2.1,1.1,0.4,0.2,1.9
D. Finney-Smith Dal - PF,0,521,545,,,0.000,,,0.000,,,,,,,,,0.0
"J. Hernangomez Den - SF,PF",58,522,331,1.6,3.5,0.458,1.3,1.7,0.730,0.3,4.8,0.8,2.1,2.9,0.3,0.5,0.2,0.5
A. Barber Phi - PG,0,523,560,,,0.000,,,0.000,,,,,,,,,0.0
G. Yabusele Bos - PF,0,524,523,,,0.000,,,0.000,,,,,,,,,0.0
D. Lee Bos - SG,0,525,578,,,0.000,,,0.000,,,,,,,,,0.0
M. Chriss Pho - PF,62,526,375,1.7,4.3,0.408,0.9,1.3,0.651,0.2,4.5,1.0,2.1,3.1,0.1,0.2,0.3,0.1
M. Paige Uta - PG,0,527,538,,,0.000,,,0.000,,,,,,,,,0.0
R. Baker NY - SG,0,528,553,,,0.000,,,0.000,,,,,,,,,0.0
"B. Brown Hou - PG,SG",0,529,517,,,0.000,,,0.000,,,,,,,,,0.0
A. Zizic Bos - C,0,530,526,,,0.000,,,0.000,,,,,,,,,0.0
D. Cooke Jr. Pho - PF,0,531,591,,,0.000,,,0.000,,,,,,,,,0.0
"D. Liggins Cle - SG,SF",0,532,620,,,0.000,,,0.000,,,,,,,,,0.0
D. Hamilton OKC - SF,0,533,539,,,0.000,,,0.000,,,,,,,,,0.0
"E. Dawson Uta - SF,PF",0,534,625,,,0.000,,,0.000,,,,,,,,,0.0
S. Rodriguez Phi - PG,47,535,374,1.5,3.6,0.419,0.8,1.0,0.822,0.5,4.3,0.1,0.8,0.9,1.7,0.3,0.0,1.7
J. Holmes Cle - PF,0,536,515,,,0.000,,,0.000,,,,,,,,,0.0
B. Heslip Tor - PG,0,537,496,,,0.000,,,0.000,,,,,,,,,0.0
E. Cook GS - SF,0,538,579,,,0.000,,,0.000,,,,,,,,,0.0
F. VanVleet Tor - PG,26,539,414,1.0,2.2,0.431,0.3,0.4,0.727,0.3,2.6,0.2,1.0,1.2,0.7,0.5,0.1,1.9
J. Layman Por - PF,30,540,432,0.7,1.5,0.457,0.4,0.5,0.800,0.3,2.1,0.2,0.8,1.0,0.2,0.2,0.2,0.4
S. Wood GS - SF,0,541,589,,,0.000,,,0.000,,,,,,,,,0.0
T. Williams Mem - PF,0,542,556,,,0.000,,,0.000,,,,,,,,,0.0
A. Caruso OKC - SG,0,543,601,,,0.000,,,0.000,,,,,,,,,0.0
T. Ulis Pho - PG,52,544,315,2.2,5.4,0.404,0.8,1.1,0.782,0.3,5.5,0.2,0.7,0.9,2.4,1.1,0.0,2.8
D. Crawford Tor - SG,0,545,501,,,0.000,,,0.000,,,,,,,,,0.0
R. Sulaimon Cha - SG,0,546,563,,,0.000,,,0.000,,,,,,,,,0.0
M. Plumlee NY - C,0,547,544,,,0.000,,,0.000,,,,,,,,,0.0
C. LeVert Bkn - SG,59,548,257,2.6,5.7,0.461,1.8,2.4,0.773,0.9,8.0,0.4,2.5,2.9,2.4,0.5,0.1,2.7
R. Zagorac Mem - SF,0,549,530,,,0.000,,,0.000,,,,,,,,,0.0
I. Whitehead Bkn - SG,45,550,387,1.2,3.5,0.352,1.1,1.5,0.742,0.5,4.1,0.1,0.9,1.0,1.2,0.4,0.3,1.2
R. Solomon Atl - PF,0,551,503,,,0.000,,,0.000,,,,,,,,,0.0
Y. Ferrell Bkn - PG,0,552,567,,,0.000,,,0.000,,,,,,,,,0.0
D. Smith-Rivera Chi - PG,0,553,594,,,0.000,,,0.000,,,,,,,,,0.0
W. Zhelin Mem - C,0,554,540,,,0.000,,,0.000,,,,,,,,,0.0
D. Stephens Mem - SF,0,555,475,,,0.000,,,0.000,,,,,,,,,0.0
J. Poeltl Tor - PF,61,556,277,1.7,2.8,0.616,0.8,1.1,0.687,0.0,4.2,1.6,2.3,3.8,0.6,0.5,1.2,0.9
G. Niang Ind - PF,40,557,383,1.4,2.8,0.487,0.8,1.0,0.825,0.4,4.0,0.4,1.4,1.8,0.9,0.3,0.2,1.2
T. Quarterman Por - PG,0,558,552,,,0.000,,,0.000,,,,,,,,,0.0
C. Jones GS - SG,0,559,471,,,0.000,,,0.000,,,,,,,,,0.0
T. He NO - SF,0,560,580,,,0.000,,,0.000,,,,,,,,,0.0
Q. Ford Uta - SF,0,561,561,,,0.000,,,0.000,,,,,,,,,0.0
W. Baldwin IV Mem - PG,0,562,524,,,0.000,,,0.000,,,,,,,,,0.0
D. Sabonis OKC - PF,72,563,254,2.6,4.8,0.545,1.8,2.4,0.747,0.0,7.1,1.0,2.9,3.9,0.7,0.4,0.4,0.7
I. Zubac LAL - C,46,564,384,1.7,3.0,0.555,0.4,0.8,0.541,0.0,3.7,0.6,1.1,1.7,0.0,0.1,0.6,0.2
M. Costello Atl - PF,0,565,565,,,0.000,,,0.000,,,,,,,,,0.0
E. Singler Tor - SF,0,566,469,,,0.000,,,0.000,,,,,,,,,0.0
T. Wallace Uta - SG,0,567,543,,,0.000,,,0.000,,,,,,,,,0.0
M. Gbinije Det - SF,10,568,455,0.6,1.4,0.429,0.2,0.4,0.500,0.3,1.7,0.1,0.5,0.6,0.5,0.3,0.0,1.2
"N. Brussino Dal - SG,SF",15,569,449,0.7,1.6,0.417,0.5,0.6,0.778,0.4,2.2,0.1,0.9,1.0,0.4,0.3,0.0,0.8
"J. Stone Ind - SG,SF",0,570,624,,,0.000,,,0.000,,,,,,,,,0.0
M. Beasley Den - PG,33,571,426,0.7,1.7,0.393,0.5,0.6,0.842,0.4,2.2,0.2,0.9,1.1,0.4,0.2,0.1,0.9
B. Forbes SA - PG,0,572,573,,,0.000,,,0.000,,,,,,,,,0.0
P. Siakam Tor - PF,27,573,405,1.6,3.1,0.506,0.8,1.1,0.677,0.0,3.9,0.8,1.6,2.4,0.3,0.2,0.5,0.5
W. Hernangomez NY - C,0,574,505,,,0.000,,,0.000,,,,,,,,,0.0
J. Magette Atl - PG,0,575,604,,,0.000,,,0.000,,,,,,,,,0.0
D. Jackson Bos - PG,19,576,445,0.7,1.8,0.371,0.3,0.4,0.750,0.3,2.0,0.2,0.7,0.8,0.7,0.2,0.1,1.9
J. Warney Dal - SF,0,577,582,,,0.000,,,0.000,,,,,,,,,0.0
S. Long Phi - SF,0,578,572,,,0.000,,,0.000,,,,,,,,,0.0
K. Hornsby Dal - PG,0,579,581,,,0.000,,,0.000,,,,,,,,,0.0
Q. Cook NO - PG,0,580,520,,,0.000,,,0.000,,,,,,,,,0.0
J. Gibson Dal - SG,39,581,396,1.1,2.5,0.443,0.8,0.9,0.811,0.4,3.4,0.1,1.0,1.1,0.8,0.5,0.1,0.8
V. Hunter Chi - PF,0,582,519,,,0.000,,,0.000,,,,,,,,,0.0
J. Brown Bos - SF,69,583,260,2.9,7.1,0.404,3.1,4.6,0.666,0.6,9.3,0.5,3.6,4.1,1.3,0.6,0.4,1.0
A. Poythress Ind - SF,0,584,558,,,0.000,,,0.000,,,,,,,,,0.0
"K. Murphy Orl - PG,SG",0,585,634,,,0.000,,,0.000,,,,,,,,,0.0
D. House Was - SG,25,586,428,1.0,2.6,0.369,0.9,1.3,0.697,0.5,3.3,0.3,0.7,1.0,0.3,0.3,0.2,1.1
T. Graham Cha - SG,12,587,452,0.4,1.1,0.385,0.5,0.7,0.750,0.3,1.6,0.3,0.7,0.9,0.3,0.2,0.0,1.5
D. Jones Jr. Pho - SF,0,588,593,,,0.000,,,0.000,,,,,,,,,0.0
"C. Wright OKC - SF,PF",0,589,621,,,0.000,,,0.000,,,,,,,,,0.0
"S. Labissiere Sac - PF,C",38,590,410,1.3,2.7,0.466,0.5,0.8,0.667,0.1,3.2,0.3,1.5,1.8,0.2,0.2,0.4,0.2
S. Harrison Pho - PG,0,591,592,,,0.000,,,0.000,,,,,,,,,0.0
"R. Richards SA - PF,C",0,592,614,,,0.000,,,0.000,,,,,,,,,0.0
J. Webb III Phi - SF,0,593,576,,,0.000,,,0.000,,,,,,,,,0.0
S. Dawson NO - SF,0,594,571,,,0.000,,,0.000,,,,,,,,,0.0
M. Delaney Atl - SG,47,595,376,1.0,2.4,0.412,0.9,1.1,0.846,0.4,3.4,0.1,1.0,1.1,1.1,0.5,0.1,1.4
C. Diallo NO - PF,52,596,323,1.9,4.1,0.474,0.6,0.9,0.652,0.0,4.5,1.2,3.0,4.3,0.1,0.2,1.0,0.5
J. Roberts Mil - C,0,597,518,,,0.000,,,0.000,,,,,,,,,0.0
J. Jacobs LAL - PG,0,598,559,,,0.000,,,0.000,,,,,,,,,0.0
C. Williams Dal - SG,0,599,584,,,0.000,,,0.000,,,,,,,,,0.0
N. Laprovittola SA - PG,0,600,606,,,0.000,,,0.000,,,,,,,,,0.0
I. Cousins Sac - SG,0,601,542,,,0.000,,,0.000,,,,,,,,,0.0
M. Georges-Hunt Bos - SG,0,602,598,,,0.000,,,0.000,,,,,,,,,0.0
J. Uthoff Tor - PF,0,603,554,,,0.000,,,0.000,,,,,,,,,0.0
K. Collinsworth Dal - SG,0,604,549,,,0.000,,,0.000,,,,,,,,,0.0
Z. Auguste LAL - PF,0,605,569,,,0.000,,,0.000,,,,,,,,,0.0
R. McGruder Mia - SG,0,606,473,,,0.000,,,0.000,,,,,,,,,0.0
A. Harrison Mem - PG,38,607,393,1.2,2.9,0.423,0.9,1.1,0.810,0.3,3.7,0.1,0.8,0.9,1.2,0.3,0.1,1.6
O. White Mia - PF,0,608,547,,,0.000,,,0.000,,,,,,,,,0.0
G. Papagiannis Sac - C,46,609,408,1.6,4.0,0.405,0.2,0.4,0.588,0.0,3.5,0.9,1.6,2.5,0.1,0.3,0.4,0.1
D. Jones GS - C,16,610,446,1.3,2.4,0.526,0.6,1.3,0.500,0.0,3.1,0.6,1.3,1.8,0.3,0.1,0.4,0.6
B. Bentil Bos - PF,0,611,536,,,0.000,,,0.000,,,,,,,,,0.0
H. Ellenson Det - PF,52,612,365,1.7,3.9,0.424,0.9,1.3,0.712,0.2,4.4,0.5,1.8,2.3,0.6,0.3,0.5,0.7
B. Johnson LAC - PF,44,613,356,1.7,3.1,0.536,0.9,1.2,0.750,0.0,4.3,0.8,2.1,2.9,0.5,0.4,0.6,0.7
A. Abrines OKC - SG,78,614,221,2.8,6.4,0.440,1.2,1.4,0.841,1.4,8.2,0.4,1.3,1.7,0.8,0.7,0.1,1.7
J. Bolomboy Uta - PF,23,615,439,1.0,2.3,0.415,0.5,0.8,0.579,0.1,2.5,0.3,1.1,1.5,0.4,0.3,0.1,1.1
E. Mockevicius Bkn - C,0,616,568,,,0.000,,,0.000,,,,,,,,,0.0
"J. Jones Bos - SG,SF",0,617,577,,,0.000,,,0.000,,,,,,,,,0.0
J. Tokoto NY - SF,0,618,511,,,0.000,,,0.000,,,,,,,,,0.0
Z. Qi Hou - PF,0,619,534,,,0.000,,,0.000,,,,,,,,,0.0
R. Arcidiacono SA - PG,0,620,546,,,0.000,,,0.000,,,,,,,,,0.0
C. Randle NY - PG,24,621,430,1.2,2.8,0.418,0.3,0.4,0.778,0.4,3.0,0.1,0.6,0.7,0.8,0.3,0.1,1.6
I. Taylor Hou - PG,0,622,586,,,0.000,,,0.000,,,,,,,,,0.0
T. Walkup Chi - SF,0,623,595,,,0.000,,,0.000,,,,,,,,,0.0
S. Jankovic Mia - PF,0,624,570,,,0.000,,,0.000,,,,,,,,,0.0
D. Michineau LAC - PG,0,625,532,,,0.000,,,0.000,,,,,,,,,0.0
N. Zeisloft Ind - PG,0,626,564,,,0.000,,,0.000,,,,,,,,,0.0
G. Payton II Hou - SG,0,627,585,,,0.000,,,0.000,,,,,,,,,0.0
F. Korkmaz Phi - SG,0,628,528,,,0.000,,,0.000,,,,,,,,,0.0
T. Prince Atl - SF,74,629,282,1.9,4.5,0.421,1.4,1.9,0.743,0.5,5.8,1.0,1.8,2.8,1.1,0.6,0.3,1.0
C. Crawford Mem - SG,0,630,499,,,0.000,,,0.000,,,,,,,,,0.0
K. Tarczewski OKC - C,0,631,603,,,0.000,,,0.000,,,,,,,,,0.0
J. Huestis OKC - SF,17,632,450,0.7,1.8,0.387,0.2,0.4,0.500,0.3,1.9,0.1,0.9,1.0,0.2,0.2,0.2,0.5
W. Bynum Atl - PG,0,633,628,,,0.000,,,0.000,,,,,,,,,0.0
A. Harrison Cha - PG,29,634,442,0.6,1.5,0.364,0.5,0.8,0.609,0.2,1.8,0.3,0.8,1.1,0.2,0.3,0.0,0.6
"X. Henry Mil - SG,SF",0,635,597,,,0.000,,,0.000,,,,,,,,,0.0
B. Caboclo Tor - SF,13,636,456,0.6,1.9,0.320,0.2,0.3,0.750,0.2,1.7,0.2,0.3,0.5,0.2,0.2,0.2,0.3
L. Montero Por - SF,8,637,457,0.5,1.5,0.333,0.3,0.3,1.000,0.3,1.5,0.1,0.4,0.5,0.1,0.1,0.0,0.2
"T. Wroten Mem - PG,SG",0,638,631,,,0.000,,,0.000,,,,,,,,,0.0
